ID,filename,acne_count,avg_acne_width,avg_acne_height,avg_acne_area,papules_count,pustules_count,comedone_count,nodules_count,avg_redness,global_redness,skin_disease_label,skin_disease_confidence,skin_classification_labels,acne_detected,result
1,C0018498-Acne.jpg,1,41,23,943,0.186854636,0,1,0,0,0.104780387,,,,1,1
2,acne-cystic-19.jpg,6,53.16666667,32.83333333,1946.333333,0.21118367,3,0,2,1,0.195333407,Acne and Rosacea Photos,0.9323,,1,2
3,rosacea-steroid-1.jpg,0,0,0,0,0,0,0,0,0,0.207622705,Acne and Rosacea Photos,0.9437,,0,2
4,rosacea-118.jpg,1,14,28,392,0.035479192,0,1,0,0,0.210372599,,,,1,2
5,perioral-dermatitis-22.jpg,2,27.5,16,445,0.195395632,0,0,2,0,0.180035987,Acne and Rosacea Photos,0.8223,,1,1
6,perioral-dermatitis-138.jpg,1,18,11,198,0.264567241,0,0,1,0,0.05327446,Acne and Rosacea Photos,0.703,,1,3
7,R (6).jpg,2,27.5,24,660,0.252047035,0,0,2,0,0.164830932,Acne and Rosacea Photos,0.8987,,1,3
8,acne-cystic-28.jpg,2,31,14,439,0.186515504,0,1,1,0,0.150627885,,,,1,3
9,perioral-dermatitis-28.jpg,2,41,26,1076,0.164637926,0,0,2,0,0.113050444,Acne and Rosacea Photos,0.9362,,1,1
10,ComedonesEars-1.jpg,1,25,15,375,0.160528105,0,0,1,0,0.172335413,Actinic Keratosis Basal Cell Carcinoma and other Malignant Lesions,0.711,,1,1
11,acne-closed-comedo-6.jpg,4,43.5,27.5,1206,0.216937145,3,1,0,0,0.209193993,,,,1,1
12,OIP (17).jpg,6,17.33333333,10.66666667,189.3333333,0.094261448,0,0,6,0,0.079808981,Acne and Rosacea Photos,0.866,,1,2
14,hidradenitis-suppurativa-66.jpg,13,19.38461538,22.84615385,452,0.047363508,3,0,10,0,0,,,,1,2
15,19280a95363d065b1dfbc654e2853029.jpg,2,21,26.5,556.5,0.174154929,1,0,0,1,0.132509774,Acne and Rosacea Photos,0.9092,,1,2
16,perioral-dermatitis-38.jpg,1,27,20,540,0.191212781,0,0,1,0,0.114482519,Acne and Rosacea Photos,0.9475,,1,1
17,R (8).jpg,2,22.5,33,743.5,0.206323432,0,1,1,0,0.140975637,Acne and Rosacea Photos,0.928,,1,2
18,acne-open-comedo-71.jpg,11,20.63636364,26.45454545,572.3636364,0.144153698,1,0,10,0,0.139550232,Acne and Rosacea Photos,0.9449,,1,1
19,2 (7).jpg,2,21,22.5,473,0.447756917,2,0,0,0,0.318150183,Acne and Rosacea Photos,0.9081,,1,3
20,acne-excoriated-22.jpg,0,0,0,0,0,0,0,0,0,0.090226419,Acne and Rosacea Photos,0.513,,0,3
22,C0384485-Acne_vulgaris.jpg,5,28.2,21.4,626,0.177737369,3,0,2,0,0.141575457,Acne and Rosacea Photos,0.942,,1,3
23,OIP (1).jpg,11,19.63636364,22.81818182,488.6363636,0.266227006,5,2,4,0,0.177638878,,,,1,3
24,bb7d0704b3afa18fd5a8db14f9018036.jpg,0,0,0,0,0,0,0,0,0,0.16021203,Acne and Rosacea Photos,0.9456,,0,1
25,2 (4)1.jpg,6,24.83333333,15.33333333,448.8333333,0.25514143,2,1,3,0,0.254511472,Acne and Rosacea Photos,0.6698,,1,2
26,perioral-dermatitis-16.jpg,2,28.5,20,583.5,0.205741796,1,0,1,0,0.164278572,Acne and Rosacea Photos,0.9183,,1,1
27,acne-infantile-8.jpg,16,13,16.9375,227.3125,0.313300378,1,9,6,0,0.162371129,Acne and Rosacea Photos,0.9373,,1,2
28,0_Skin.jpg,1,31,20,620,0.362526882,0,0,1,0,0.255034291,Acne and Rosacea Photos,0.9089,,1,2
29,08PerioralDerm11.jpg,0,0,0,0,0,0,0,0,0,0.22414548,Acne and Rosacea Photos,0.9054,,0,1
30,acne-cystic-42.jpg,5,17.4,11,192.2,0.194703246,0,0,5,0,0.172380128,Seborrheic Keratoses and other Benign Tumors,0.6149,,1,3
31,acne-infantile-6.jpg,3,12.33333333,18,220.3333333,0.293181841,0,0,3,0,0.151374408,Acne and Rosacea Photos,0.9386,,1,2
32,perioral-dermatitis-29.jpg,2,29,17,502,0.180620707,1,1,0,0,0.149786589,,,,1,2
33,acne_vulgaris1.jpg,5,39,27.8,1100.4,0.284055353,3,1,0,1,0.163029681,,,,1,2
34,NoniSoap2 (1).jpg,3,26.33333333,21.33333333,568,0.15812321,2,0,1,0,0.10630023,Tinea Ringworm Candidiasis and other Fungal Infections,0.9831,,1,2
35,acne-pustular-71.jpg,1,69,42,2898,0.168184279,0,1,0,0,0.156032043,,,,1,2
36,acne-scar-1.jpg,2,60.5,76,5406.5,0.200551552,0,0,0,2,0.172323989,,,,1,2
37,acne-cystic-111.jpg,7,29.71428571,16.28571429,669.5714286,0.264349669,0,4,2,1,0.24628444,Acne and Rosacea Photos,0.7449,,1,1
39,R (3).jpg,12,41.41666667,47,2202,0.193959247,4,5,1,2,0.172587739,,,,1,3
40,acne-infantile-13.jpg,11,25.36363636,17.54545455,467.1818182,0.188360818,3,4,4,0,0.134522546,Viral infections,0.5364,,1,3
41,acne-cystic-121.jpg,1,20,12,240,0.21127451,0,1,0,0,0.138664924,Acne and Rosacea Photos,0.9468,,1,3
42,53.jpg,1,84,60,5040,0.304713274,1,0,0,0,0.254283916,,,,1,2
43,44.jpg,7,43.42857143,29.14285714,1332.857143,0.170105925,6,0,0,1,0.134617012,,,,1,3
44,acne-cystic-125.jpg,6,57.83333333,32.16666667,2122.833333,0.383012828,0,4,1,1,0.311039595,Acne and Rosacea Photos,0.8886,,1,2
45,fungal-acne (1).jpg,8,68.75,39.25,2762.375,0.222403796,3,2,3,0,0.171742211,,,,1,2
46,R (40).jpg,2,14,18,264,0.293317755,1,0,1,0,0.209796492,Acne and Rosacea Photos,0.9175,,1,1
47,acne-open-comedo-43.jpg,6,36.16666667,22.16666667,858.6666667,0.26460032,2,0,4,0,0.249085949,Viral infections,0.5427,,1,1
48,acne-cystic-141.jpg,3,34,22.33333333,783.3333333,0.157568682,0,0,3,0,0.132014668,Acne and Rosacea Photos,0.5252,,1,3
49,19280a95363d065b1dfbc654e28530291 - Copy.jpg,4,22.5,29.25,664.75,0.183339816,3,0,0,1,0.132567649,Acne and Rosacea Photos,0.9264,,1,2
50,f297fe78c11b78d8907dceea58a45e41.jpg,6,17.33333333,17.5,306.8333333,0.190538159,5,0,0,1,0.105604759,Acne and Rosacea Photos,0.7367,,1,2
51,acne-cystic-27.jpg,2,49.5,29,1498.5,0.235431522,2,0,0,0,0.200271151,Acne and Rosacea Photos,0.873,,1,2
52,acne-cystic-12.jpg,13,30,16.69230769,513.3846154,0.167488395,4,8,1,0,0.156081062,Acne and Rosacea Photos,0.9413,,1,2
53,acne-pustular-63.jpg,15,31.53333333,26.6,880.6666667,0.256803362,9,3,0,3,0.179105575,Viral infections,0.5988,,1,3
54,rosacea-nose-6.jpg,0,0,0,0,0,0,0,0,0,0.198919764,Acne and Rosacea Photos,0.8998,,0,1
55,acne-cystic-32.jpg,4,35.75,21.75,773.25,0.225155364,1,1,2,0,0.183612104,Viral infections,0.5135,,1,3
56,35.jpg,1,45,30,1350,0.241562818,0,1,0,0,0.23701846,Actinic Keratosis Basal Cell Carcinoma and other Malignant Lesions,0.4379,,1,2
57,R (42).jpg,5,14.8,16,245.6,0.294215131,3,2,0,0,0.198638002,Acne and Rosacea Photos,0.9036,,1,3
58,ce2c6b00013e52753f1212cdcf2efe76.jpg,1,22,25,550,0.446898396,0,0,1,0,0.222723786,Acne and Rosacea Photos,0.9167,,1,2
59,241b000fa0e0caf8cf8ac4b29137af48.jpg,2,27,13,359,0.391385958,0,1,1,0,0.240322275,,,,1,3
60,acne_0001_10731602084e470e78b7dfe-21.jpg,5,30.8,20.6,691.4,0.258133399,1,0,3,1,0.221650302,,,,1,3
61,acne-open-comedo-24.jpg,8,34.625,21.875,776.75,0.173305732,2,0,6,0,0.160013628,Acne and Rosacea Photos,0.9011,,1,1
62,acne-cystic-36.jpg,12,20.58333333,14.25,299.9166667,0.215305184,7,1,4,0,0.169671841,Viral infections,0.5377,,1,3
63,4A5DA7F500000578-5522003-Amy_who_battled_her_erupting_skin_for_15_years_says_doctors_dism-a-26_15215419581041 - Copy.jpg,4,11.5,19.5,229.5,0.176402854,3,0,1,0,0.124073484,Acne and Rosacea Photos,0.9307,,1,2
64,20181225_191537.jpg.923b0605b45be754fbbed9051a9bea5e1.jpg,4,94.5,122.75,12397.25,0.358007327,2,1,1,0,0.288298025,,,,1,2
65,2 1(1)1.jpg,6,32.66666667,29,997,0.216407599,2,2,2,0,0.156048537,,,,1,2
66,k92m6peqn1n31 (1).jpg,0,0,0,0,0,0,0,0,0,0.145270243,Acne and Rosacea Photos,0.9411,,0,1
67,maxresdefault (3).jpg,3,53.66666667,32.33333333,1782,0.187493614,0,3,0,0,0.141387859,Viral infections,0.7118,,1,1
69,perioral-dermatitis-45.jpg,2,23.5,14.5,340,0.14039534,0,0,2,0,0.125375788,Acne and Rosacea Photos,0.8945,,1,1
70,20_before1 - Copy.jpg,2,33,38.5,1346.5,0.402359618,1,0,1,0,0.315727159,,,,1,2
71,acne-closed-comedo-29.jpg,2,39.5,24.5,1162,0.221797133,0,1,1,0,0.221800403,,,,1,1
72,acne-cystic-40.jpg,19,22.10526316,14.57894737,330,0.112780745,1,0,18,0,0.065388571,Acne and Rosacea Photos,0.8848,,1,3
73,acne-open-comedo-42.jpg,3,42,27.66666667,1160.666667,0.156915344,0,0,3,0,0.155046775,,,,1,1
74,OIP (12).jpg,15,20,11.46666667,235.2,0.252172043,1,10,4,0,0.233116145,Acne and Rosacea Photos,0.9213,,1,3
75,acne-open-comedo-63.jpg,5,30.6,16.8,518.6,0.241788038,0,0,5,0,0.216985439,Acne and Rosacea Photos,0.7182,,1,2
76,What-is-Cystic-Acne-and-Why-is-It-Caused (1).jpg,8,28.5,18.375,528.75,0.237200806,1,2,5,0,0.150042868,Acne and Rosacea Photos,0.9124,,1,3
77,IMG_3554.JPG.f4bf444684be38571736983531eaafdf.jpg,5,40.4,39.8,1708.2,0.216597917,5,0,0,0,0.175367807,Acne and Rosacea Photos,0.9329,,1,2
78,acne-pustular-33.jpg,3,65.66666667,45,3127.666667,0.19500522,2,0,0,1,0.179763677,,,,1,3
79,20190716_191036.jpg.705bf02f23326951059a91a967959d071.jpg,1,64,76,4864,0.249439258,0,0,1,0,0.128385591,,,,1,1
80,241b000fa0e0caf8cf8ac4b29137af481.jpg,1,20,11,220,0.41184492,0,0,1,0,0.240275492,,,,1,3
81,R (43).jpg,0,0,0,0,0,0,0,0,0,0.323139355,Acne and Rosacea Photos,0.9037,,0,2
82,R (5).jpg,7,27,25,733.1428571,0.227224185,3,3,1,0,0.148192494,Viral infections,0.8551,Acne,1,3
83,hidradenitis-suppurativa-27.jpg,22,29.72727273,16.72727273,514.0909091,0.172744294,0,0,22,0,0.163090711,,,,1,1
84,acne-open-comedo-53.jpg,5,28.2,16.2,457.6,0.129472383,0,0,5,0,0.130275026,Viral infections,0.6134,,1,1
87,acne-cystic-146.jpg,21,21.23809524,24,548.5714286,0.237627777,11,0,9,1,0.20639469,Systemic Disease,0.4125,,1,3
89,hidradenitis-suppurativa-62.jpg,2,24.5,29.5,738.5,0.195479105,0,1,1,0,0.17009315,Tinea Ringworm Candidiasis and other Fungal Infections,0.9277,,1,1
90,752kd5y464t01.jpg,7,108.1428571,114.1428571,13536.57143,0.148464875,1,0,4,2,0.100317241,Normal Skin,0.5699,,1,2
91,acne_0001_10731602084e470e78b7dfe-21 - Copy.jpg,5,30.8,20.6,691.4,0.258133399,1,0,3,1,0.221650302,,,,1,3
92,2 (52)1 - Copy.jpg,4,22,17.5,390.5,0.233019698,3,0,0,1,0.192654805,Acne and Rosacea Photos,0.9077,,1,2
94,20_before1.jpg,2,33,38.5,1346.5,0.402359618,1,0,1,0,0.315727159,,,,1,3
95,acne-open-comedo-59.jpg,5,28.8,17.6,515.4,0.272633529,0,1,4,0,0.213096163,Acne and Rosacea Photos,0.4464,,1,1
96,rosacea-104.jpg,0,0,0,0,0,0,0,0,0,0.269929549,Acne and Rosacea Photos,0.6283,,0,1
97,acne-pustular-64.jpg,6,28.16666667,43.33333333,1235.166667,0.341903567,1,4,0,1,0.289735057,Acne and Rosacea Photos,0.6963,,1,3
98,acne-pustular-27.jpg,6,27.83333333,16.66666667,476.8333333,0.186826429,2,2,1,1,0.167965279,Acne and Rosacea Photos,0.6281,,1,2
99,acne-infantile-16.jpg,14,22,14.57142857,336.9285714,0.329836551,2,4,8,0,0.200620173,Acne and Rosacea Photos,0.5317,,1,3
100,07RosaceaFulFAce1.jpg,0,0,0,0,0,0,0,0,0,0.24058809,Acne and Rosacea Photos,0.934,,0,2
101,acne-open-comedo-40.jpg,6,36.5,19.66666667,754.1666667,0.281838413,1,2,3,0,0.238882214,Acne and Rosacea Photos,0.9069,,1,2
102,acne-cystic-31.jpg,8,20.875,26.5,607.5,0.191517198,0,2,6,0,0.189160643,Actinic Keratosis Basal Cell Carcinoma and other Malignant Lesions,0.9505,Acne,1,3
103,OIP (21).jpg,5,21.2,18.6,412,0.220300782,1,2,2,0,0.205158325,Acne and Rosacea Photos,0.6722,,1,2
104,IMG_3994.JPG.193268bd978993fbad84e920569ea5ed.jpg,3,30,41.66666667,1266.333333,0.227355706,2,0,1,0,0.142572057,,,,1,2
105,acne-pustulesandpapules-1593x2048.jpg,30,128.5666667,133.2666667,18196.7,0.270914076,5,17,2,6,0.245615067,Actinic Keratosis Basal Cell Carcinoma and other Malignant Lesions,0.5625,,1,3
106,rosacea-30.jpg,0,0,0,0,0,0,0,0,0,0.211644505,Acne and Rosacea Photos,0.9139,,0,1
107,OIP (22).jpg,9,29.77777778,27.88888889,851.6666667,0.194113785,3,5,0,1,0.129359803,Tinea Ringworm Candidiasis and other Fungal Infections,0.8167,,1,3
109,rosacea-3.jpg,2,33.5,25,862,0.230233935,0,0,2,0,0.235077285,Acne and Rosacea Photos,0.9113,,1,2
110,14.jpg,18,15.66666667,17.27777778,283.5,0.263790067,3,10,5,0,0.150053523,Acne and Rosacea Photos,0.9251,,1,3
111,7e7bc824b57675c0ccea09d48a46f038.jpg,2,28,15,420,0.137908919,0,1,1,0,0.146989845,,,,1,3
112,acne-breakout-GettyImages-116791062311 - Copy.jpg,2,59.5,49.5,3000.5,0.237396191,2,0,0,0,0.170870481,Tinea Ringworm Candidiasis and other Fungal Infections,0.9867,,1,2
113,32212176-8650569-image-a-10_1598002142635111 - Copy.jpg,7,14,21.42857143,325,0.251466173,0,4,3,0,0.207032658,Acne and Rosacea Photos,0.9311,,1,3
114,R (28).jpg,1,27,13,351,0.196938719,1,0,0,0,0.124152858,Acne and Rosacea Photos,0.9413,,1,3
116,IMG_0043.JPG.70f9dc7d17dcdf8dbb055d4013e94831.jpg,3,96.33333333,113,10994,0.315183815,3,0,0,0,0.158577664,,,,1,2
117,OIP (8).jpg,2,20,23,468,0.310502601,2,0,0,0,0.107092025,Acne and Rosacea Photos,0.9282,,1,2
118,54a279bcec5a872af278da1d9a9f7337--clear-skin-acne1.jpg,7,21,14.57142857,309.4285714,0.39991411,0,4,3,0,0.349022604,Acne and Rosacea Photos,0.496,,1,3
119,acne-cystic-34.jpg,6,40.83333333,24,1001.833333,0.227114056,1,4,1,0,0.21015681,Viral infections,0.4581,,1,3
120,OIP (13).jpg,3,18,10.33333333,191.6666667,0.238189245,2,0,1,0,0.180244393,Acne and Rosacea Photos,0.876,,1,3
121,acne-infantile-2.jpg,17,25.29411765,17.05882353,453.7058824,0.218428493,6,8,3,0,0.152727034,Acne and Rosacea Photos,0.849,,1,3
122,perioral-dermatitis-36.jpg,0,0,0,0,0,0,0,0,0,0.190484588,Acne and Rosacea Photos,0.7588,,0,1
123,5.jpg,2,30.5,30,916.5,0.102135573,1,0,1,0,0.041309241,Acne and Rosacea Photos,0.7996,,1,2
124,hidradenitis-suppurativa-64.jpg,16,33.5,27.4375,936.375,0.083021023,5,1,10,0,0.099515255,Seborrheic Keratoses and other Benign Tumors,0.5767,,1,3
125,R (44).jpg,1,56,26,1456,0.317217464,0,0,0,1,0.31360328,Acne and Rosacea Photos,0.5462,,1,2
127,rosacea-68.jpg,1,20,29,580,0.240787694,1,0,0,0,0.155256682,,,,1,1
128,acne-cystic-89.jpg,3,50.33333333,29,1490.333333,0.296912821,0,2,1,0,0.26131854,,,,1,2
129,acne-cystic-117.jpg,6,10.66666667,14.83333333,159.8333333,0.251898927,0,4,2,0,0.111851462,Acne and Rosacea Photos,0.5529,,1,3
131,perioral-dermatitis-119.jpg,0,0,0,0,0,0,0,0,0,0.234465826,Acne and Rosacea Photos,0.8181,,0,1
132,54a279bcec5a872af278da1d9a9f7337--clear-skin-acne.jpg,9,18.33333333,11.88888889,233.6666667,0.413872868,0,3,6,0,0.350082896,Acne and Rosacea Photos,0.563,,1,3
133,R (31).jpg,3,27.66666667,19.66666667,546.6666667,0.367815361,2,0,1,0,0.332770976,Viral infections,0.7016,,1,2
134,IMG_0184.JPG.c1ffb583260784ec51dfe566c636bd62.jpg,1,54,41,2214,0.264381742,0,0,1,0,0.19622226,,,,1,2
136,perioral-dermatitis-114.jpg,0,0,0,0,0,0,0,0,0,0.140575907,Acne and Rosacea Photos,0.9103,,0,2
140,rosacea-53.jpg,1,19,21,399,0.185222861,0,0,1,0,0.08682214,Actinic Keratosis Basal Cell Carcinoma and other Malignant Lesions,0.4123,,1,1
141,OIP (16).jpg,11,19.54545455,18.09090909,358.0909091,0.245673148,2,4,5,0,0.220169595,Acne and Rosacea Photos,0.9457,,1,3
142,acne-cystic-105.jpg,42,22.04761905,12.16666667,274.1666667,0.099614304,0,0,42,0,0.06800679,,,,1,3
143,perioral-dermatitis-116.jpg,0,0,0,0,0,0,0,0,0,0.24807269,Acne and Rosacea Photos,0.8798,,0,1
144,hidradenitis-suppurativa-93.jpg,19,18.47368421,11,207.3684211,0.124558125,0,0,19,0,0.091293325,Seborrheic Keratoses and other Benign Tumors,0.9035,,1,3
145,58.jpg,3,22.66666667,14,322.3333333,0.231422777,1,1,1,0,0.089128209,Acne and Rosacea Photos,0.5461,,1,2
146,Rosacea-2-Dr.-Ben-Barankin-4-e1417628132564-400x302.jpg,3,26,16.33333333,426.6666667,0.173224253,1,2,0,0,0.122471854,Acne and Rosacea Photos,0.8882,,1,3
147,acne-excoriated-4.jpg,1,21,14,294,0.093297319,0,0,1,0,0.140027874,Acne and Rosacea Photos,0.4375,,1,2
148,07RosaceaFulFAce.jpg,1,41,57,2337,0.281319271,0,0,0,1,0.240417307,Acne and Rosacea Photos,0.8972,,1,1
151,acne_treatment_kaliterna1 - Copy.jpg,7,22.28571429,21.42857143,502.1428571,0.210737726,4,2,1,0,0.1893934,Acne and Rosacea Photos,0.79,,1,3
152,b-a3_mobile_109883_b.jpg,6,13,17.83333333,232.6666667,0.297129471,3,2,1,0,0.197684745,Acne and Rosacea Photos,0.9383,,1,3
153,acne02bf-21.jpg,4,34.75,19.75,694.75,0.12499238,0,4,0,0,0.094106551,,,,1,3
154,acne-cystic-85.jpg,2,51,32,1662,0.299387979,1,0,1,0,0.288720596,,,,1,2
155,Active-Acne-Treatment3.jpg,0,0,0,0,0,0,0,0,0,0.255460765,Acne and Rosacea Photos,0.8229,,0,3
156,perioral-dermatitis-113.jpg,1,18,14,252,0.059056956,0,0,1,0,0.030593627,Acne and Rosacea Photos,0.8579,,1,3
157,7.jpg,4,17.25,10.75,185.75,0.186897541,2,0,2,0,0.171411213,Acne and Rosacea Photos,0.5978,,1,2
158,acne-open-comedo-23.jpg,7,34.57142857,19.42857143,676.2857143,0.174399085,0,0,7,0,0.166078553,Viral infections,0.5104,,1,2
159,acne-pustular-49.jpg,11,27.54545455,17.18181818,487.9090909,0.191731122,1,6,4,0,0.17168012,Viral infections,0.6833,,1,3
160,perioral-dermatitis-35.jpg,1,29,17,493,0.17273595,0,0,1,0,0.134306559,,,,1,2
161,acne-closed-comedo-002.jpg,19,15.78947368,21.78947368,350.3684211,0.125353266,1,0,18,0,0.105734449,Acne and Rosacea Photos,0.6927,,1,3
162,OIP (31).jpg,3,106,70,7564.666667,0.222078048,2,0,0,1,0.175780809,,,,1,2
163,C0384535-Acne_rosacea.jpg,2,31.5,21.5,684,0.256915396,0,2,0,0,0.193176563,,,,1,2
164,acne-closed-comedo-40.jpg,8,44.375,25.625,1170,0.172749969,5,0,3,0,0.160433422,Acne and Rosacea Photos,0.9184,,1,2
165,acne-cystic-17.jpg,7,33.71428571,17.85714286,669.2857143,0.130439771,0,2,4,1,0.121283638,Acne and Rosacea Photos,0.9504,,1,3
167,hidradenitis-suppurativa-10.jpg,1,30,18,540,0.241427015,0,1,0,0,0.223137947,,,,1,3
168,acne-closed-comedo-20.jpg,1,45,29,1305,0.298139884,1,0,0,0,0.247858466,Acne and Rosacea Photos,0.6267,,1,2
169,acne-open-comedo-10.jpg,5,17.8,22.2,397.4,0.139583762,0,0,5,0,0.12848461,,,,1,2
170,acne-cystic-87.jpg,6,39.16666667,25.5,1306.666667,0.270911073,0,1,4,1,0.266342471,,,,1,3
171,acne-pustular-21.jpg,8,35.5,21,766.375,0.197367268,2,6,0,0,0.156807422,Acne and Rosacea Photos,0.8585,,1,3
172,acne-cystic-123.jpg,2,19,24.5,475.5,0.27906496,0,1,1,0,0.254869434,Viral infections,0.6623,,1,3
173,acne-open-comedo-34.jpg,10,17.4,22.2,399.8,0.194221989,0,0,10,0,0.135013819,Acne and Rosacea Photos,0.4997,,1,3
174,perioral-dermatitis-106.jpg,5,27.2,15.2,428.2,0.16985278,0,4,1,0,0.115351139,Acne and Rosacea Photos,0.7071,,1,3
175,Before.jpg,7,43.28571429,24.71428571,1142.714286,0.22951357,3,4,0,0,0.181351029,Viral infections,0.8923,,1,3
176,acne-closed-comedo-51 - Copy.jpg,2,41.5,28,1162,0.243290563,0,1,1,0,0.236985959,Actinic Keratosis Basal Cell Carcinoma and other Malignant Lesions,0.652,,1,2
177,56.jpg,29,22.27586207,23.79310345,538,0.255641409,12,2,15,0,0.189154566,,,,1,3
179,acne_treatment_kaliterna1.jpg,7,22.28571429,21.42857143,502.1428571,0.210737726,4,2,1,0,0.1893934,Acne and Rosacea Photos,0.79,,1,3
180,perioral-dermatitis-88.jpg,2,26,17.5,454.5,0.134963347,0,0,2,0,0.122921738,Acne and Rosacea Photos,0.5446,,1,2
181,acne-pustular-69.jpg,1,39,20,780,0.189643037,0,0,1,0,0.146173156,Seborrheic Keratoses and other Benign Tumors,0.8839,,1,3
182,acne-pustular-18.jpg,3,27.66666667,16,460.6666667,0.24929042,0,3,0,0,0.181374603,Acne and Rosacea Photos,0.8815,,1,3
184,acne-pustular-54.jpg,3,31.33333333,20.33333333,674.6666667,0.257047829,0,1,2,0,0.204828219,Acne and Rosacea Photos,0.7444,,1,3
185,acne-open-comedo-60.jpg,2,31,16.5,511,0.276259221,0,0,2,0,0.233188783,,,,1,2
186,milia-3.jpg,1,36,23,828,0.238469736,0,0,1,0,0.20349149,Seborrheic Keratoses and other Benign Tumors,0.9484,,1,1
187,50.jpg,3,24.33333333,31.33333333,974,0.169367074,2,0,1,0,0.140170005,Acne and Rosacea Photos,0.5932,,1,2
188,27.jpg,10,30,30.6,1114.6,0.23999283,3,2,3,2,0.198490963,Acne and Rosacea Photos,0.7806,,1,3
189,527434_m1.jpg,3,32,19.66666667,833.6666667,0.204935781,0,0,2,1,0.171319627,Acne and Rosacea Photos,0.9076,,1,3
190,acne-cystic-106.jpg,2,46.5,31,1441.5,0.293555692,2,0,0,0,0.269764964,Acne and Rosacea Photos,0.9182,,1,2
191,pc438phx95i41.jpg,4,100.25,68.75,6923.5,0.157633272,0,2,2,0,0.095136644,,,,1,3
192,acne-open-comedo-70.jpg,3,31,18.66666667,606.3333333,0.123587953,0,0,3,0,0.107469328,,,,1,2
193,before-after-acne-treatment.jpg,1,31,8,248,0.180637255,0,1,0,0,0.076694317,Acne and Rosacea Photos,0.9205,,1,3
194,acne-closed-comedo-0031 - Copy.jpg,11,35.18181818,21.63636364,773.4545455,0.231024074,3,0,8,0,0.184241053,,,,1,2
195,acne-cystic-44.jpg,4,41,24,1058.25,0.161615721,1,1,2,0,0.155869867,Lupus and other Connective Tissue diseases,0.4307,,1,2
196,acne-excoriated-28.jpg,5,18.8,23.2,442.6,0.05663399,1,0,4,0,0.016925629,Exanthems and Drug Eruptions,0.6208,,1,3
197,C0031318-Cystic_acne.jpg,1,32,24,768,0.247766033,0,0,1,0,0.161395224,Viral infections,0.8656,,1,3
198,OIP (29).jpg,2,32,16,512,0.348559916,0,1,1,0,0.223267342,Acne and Rosacea Photos,0.9121,,1,3
199,acne-pustular-10.jpg,10,25.2,15.6,398.6,0.147320445,0,2,8,0,0.119660186,Acne and Rosacea Photos,0.9515,,1,3
200,47.jpg,7,30.57142857,18.71428571,579,0.07661503,2,1,4,0,0.07087173,Seborrheic Keratoses and other Benign Tumors,0.9231,,1,3
201,acne (1).jpg,1,40,24,960,0.224869281,0,0,1,0,0.13785504,Acne and Rosacea Photos,0.9454,Acne,1,2
202,OIP (15).jpg,6,28.83333333,29.83333333,866.5,0.211914379,2,3,1,0,0.168991935,Acne and Rosacea Photos,0.9417,,1,3
203,acne-pustular-6.jpg,14,33.71428571,20.64285714,729,0.182667948,6,1,7,0,0.165265321,Acne and Rosacea Photos,0.9423,,1,3
204,11118622-6820319-image-a-24_15528711043151.jpg,1,19,18,342,0.212383901,1,0,0,0,0.068122435,Acne and Rosacea Photos,0.782,,1,2
206,acne-cystic-4.jpg,10,31.8,20.4,690,0.240312494,3,0,7,0,0.219312254,Acne and Rosacea Photos,0.8811,,1,3
207,2 (1)11.jpg,5,32.4,30.8,1043.6,0.22220548,1,1,2,1,0.16371807,Acne and Rosacea Photos,0.6855,,1,2
208,7b5781acbf8cf3ef59928bf1fd56df9eC!r23ac1983a0274adecccb505518971ace.jpg,3,26.66666667,30.66666667,821,0.233915277,3,0,0,0,0.108952453,Acne and Rosacea Photos,0.8695,,1,3
209,acne-open-comedo-17.jpg,2,48.5,30.5,1600,0.211944355,0,0,1,1,0.166899425,,,,1,2
210,acne-scarring-300x300.jpg,8,18.875,18.75,364.375,0.207475521,3,1,4,0,0.195698235,Acne and Rosacea Photos,0.9253,,1,3
211,acne (1)11.jpg,3,26.66666667,23.33333333,639.3333333,0.213720257,2,0,1,0,0.164509331,Acne and Rosacea Photos,0.854,Acne,1,2
212,OIP (4).jpg,5,24.8,17.4,435.8,0.294301989,1,1,3,0,0.22858986,Acne and Rosacea Photos,0.9441,,1,2
213,unnamed (1).jpg,1,45,35,1575,0.612577653,1,0,0,0,0.447312605,Acne and Rosacea Photos,0.9146,,1,2
214,07AcnePittedScars1.jpg,2,25,19,467,0.117333992,1,1,0,0,0.188036694,,,,1,3
215,OIP (2).jpg,4,26,16.25,448.5,0.259557765,1,1,2,0,0.235586794,Acne and Rosacea Photos,0.6469,Acne,1,2
218,acne-pustular-30.jpg,4,24.75,16,412.25,0.220698385,1,0,3,0,0.140080918,Acne and Rosacea Photos,0.9124,,1,2
219,acne-pustular-72.jpg,4,40,24.5,984,0.274258246,2,2,0,0,0.226733517,Acne and Rosacea Photos,0.9331,,1,3
220,OIP (10).jpg,0,0,0,0,0,0,0,0,0,0.19488665,Acne and Rosacea Photos,0.7804,"Dark Circles,Dark Circles",0,1
221,acne-pustular-32.jpg,3,20.66666667,13.66666667,283.3333333,0.178308078,0,0,3,0,0.15010157,,,,1,2
222,acne-closed-comedo-61.jpg,2,49,33,1633,0.200551945,2,0,0,0,0.209195958,,,,1,2
223,acne-pustular-16.jpg,20,30.35,17.3,544.7,0.179228588,1,16,2,1,0.156649277,Viral infections,0.7396,,1,3
225,2058411.jpg,4,16.5,20,335,0.29312765,2,2,0,0,0.239288948,Acne and Rosacea Photos,0.8798,,1,3
226,OIP (24).jpg,5,22,29.8,655,0.265329865,3,2,0,0,0.176115731,Acne and Rosacea Photos,0.8131,,1,3
227,C0384483-Acne_vulgaris.jpg,7,34.71428571,22.14285714,790.2857143,0.169218419,2,3,2,0,0.134790721,Acne and Rosacea Photos,0.9431,,1,3
228,acne-pustular-74.jpg,8,40.875,23.125,1068.875,0.344167361,0,5,3,0,0.291696902,Acne and Rosacea Photos,0.9278,,1,3
229,acne-cystic-100.jpg,18,14.55555556,18.22222222,269.6111111,0.362736537,11,1,6,0,0.21886856,Acne and Rosacea Photos,0.4663,,1,3
230,R (22).jpg,10,16.1,20.1,327.8,0.229013162,2,3,5,0,0.122235355,Acne and Rosacea Photos,0.9223,,1,3
231,acne-infantile-3.jpg,14,35.14285714,21.92857143,793.7857143,0.260111128,5,6,3,0,0.230170697,Acne and Rosacea Photos,0.8252,,1,3
232,acne-pustular-46.jpg,5,36,20.4,776.8,0.272851337,0,1,3,1,0.219869042,Acne and Rosacea Photos,0.7476,,1,3
233,OIP (23).jpg,2,24.5,14.5,356,0.33675145,0,2,0,0,0.240031378,Acne and Rosacea Photos,0.9391,,1,3
235,rosacea-nose-7.jpg,0,0,0,0,0,0,0,0,0,0.179933988,Acne and Rosacea Photos,0.7289,,0,1
236,glitter_nails_touching_acne_forehead-1200x628-FACEBOOK.jpg,2,76.5,37.5,2870.5,0.182370417,2,0,0,0,0.118963027,Viral infections,0.6543,,1,2
238,acne-closed-comedo-12.jpg,1,47,31,1457,0.291413999,0,0,1,0,0.242621108,,,,1,1
239,OIP (6).jpg,2,22.5,15.5,404,0.254938182,0,0,1,1,0.188902476,Acne and Rosacea Photos,0.9358,Red Skin,1,2
240,2 (53)1.jpg,5,17,11.8,219.8,0.106500668,0,1,3,1,0.039383332,Psoriasis pictures Lichen Dermatosis and related diseases,0.965,,1,3
241,acne-scar-2.jpg,8,32.125,20.375,735.375,0.222042905,3,2,3,0,0.161479643,,,,1,3
243,2 (51).jpg,2,18,17.5,322.5,0.116846405,2,0,0,0,0.084397967,Acne and Rosacea Photos,0.9246,,1,2
244,10.jpg,5,18.8,19.2,371.4,0.184740435,5,0,0,0,0.068137923,Acne and Rosacea Photos,0.7907,,1,3
245,hidradenitis-suppurativa-60.jpg,10,20.2,23.6,491,0.001326797,4,0,6,0,0,,,,1,3
246,rosacea-107.jpg,3,15,19.66666667,312.3333333,0.102195912,1,1,1,0,0.047942681,,,,1,3
247,hidradenitis-suppurativa-45.jpg,12,16.08333333,21.25,362.5,0.170654698,3,0,9,0,0.146531845,Tinea Ringworm Candidiasis and other Fungal Infections,0.4181,,1,3
248,20181225_191537.jpg.923b0605b45be754fbbed9051a9bea5e1 - Copy.jpg,4,94.5,122.75,12397.25,0.358007327,2,1,1,0,0.288298025,,,,1,2
249,acne-cystic-147.jpg,3,23.66666667,25,599,0.179114613,2,0,1,0,0.108488008,,,,1,3
250,2ff3b83bb9bdfec054e2c2273f02c8c6.jpg,2,60.5,64,3945.5,0.316574367,0,0,2,0,0.289421917,,,,1,3
251,face with acne.jpg,6,28.16666667,39.83333333,1124.666667,0.19700845,5,0,1,0,0.169827426,Acne and Rosacea Photos,0.6093,,1,2
252,acne-cystic-149.jpg,9,13.88888889,17.11111111,238.5555556,0.337182282,2,2,5,0,0.225167395,Systemic Disease,0.5386,,1,3
253,image.jpg.e82341306e199844c244558307a055e0.jpg,4,66.75,46.5,3145.75,0.40382045,2,1,1,0,0.237240112,Acne and Rosacea Photos,0.9356,,1,3
254,acne-pustular-31.jpg,5,40,21.2,856.4,0.177765087,3,2,0,0,0.121758508,Acne and Rosacea Photos,0.9379,,1,3
255,acne-pustular-13.jpg,8,36.125,21.875,823.5,0.203708089,3,3,2,0,0.195798092,Acne and Rosacea Photos,0.7705,,1,3
256,acne-closed-comedo-003.jpg,5,28.6,17.4,523.8,0.233491115,0,0,5,0,0.184206314,Acne and Rosacea Photos,0.4628,,1,2
259,acne-pustular-52.jpg,3,59,37,2261.333333,0.224775692,2,1,0,0,0.220622075,Acne and Rosacea Photos,0.4016,,1,2
260,image.jpg.e82341306e199844c244558307a055e0 (1).jpg,4,66.75,46.5,3145.75,0.40382045,2,1,1,0,0.237240112,Acne and Rosacea Photos,0.9356,,1,3
261,acne-cystic-16.jpg,8,28.125,18.75,560.75,0.136690638,1,2,4,1,0.123699255,Acne and Rosacea Photos,0.9424,,1,3
262,acne-cystic-3.jpg,1,26,14,364,0.155262874,0,0,1,0,0.127966271,,,,1,3
263,acne-pustular-23.jpg,7,52.57142857,30.57142857,1732.285714,0.203044073,1,4,1,1,0.165248678,Acne and Rosacea Photos,0.8159,,1,3
264,R (37).jpg,16,47.25,55.0625,2799.6875,0.042191231,2,3,11,0,0.016206593,Viral infections,0.6181,,1,2
265,49.jpg,1,43,38,1634,0.193007656,0,0,1,0,0.156489337,,,,1,3
268,M1080367-Acne_vulgaris_on_cheek_of_14_year-old_boy.jpg,4,46.75,30.5,1451.75,0.30027312,2,0,2,0,0.26274741,,,,1,2
269,acne-cystic-97.jpg,6,31.83333333,20.16666667,782,0.157406931,0,2,2,2,0.152940386,Acne and Rosacea Photos,0.9203,,1,3
271,acne-pustular-60.jpg,12,30.83333333,23.41666667,751,0.200530829,2,3,7,0,0.182669296,Seborrheic Keratoses and other Benign Tumors,0.5966,,1,3
272,acne-cystic-127.jpg,1,79,44,3476,0.311660913,1,0,0,0,0.265523203,,,Acne,1,3
274,OIP (27).jpg,1,27,30,810,0.412749939,1,0,0,0,0.199601086,Acne and Rosacea Photos,0.8951,,1,2
275,24.jpg,5,39,27.8,1100.4,0.284055353,3,1,0,1,0.163029681,,,,1,3
276,GettyImages-552992761_thumb (1).jpg,6,53,37.16666667,2059.833333,0.212895639,4,1,1,0,0.174131887,,,,1,3
277,acne-cystic-84.jpg,13,14.30769231,18.15384615,262.5384615,0.31431851,3,0,10,0,0.203349678,,,,1,3
278,08PerioralDerm1.jpg,0,0,0,0,0,0,0,0,0,0.224180537,Acne and Rosacea Photos,0.8794,,0,1
279,R (18).jpg,4,32,22,746,0.150126873,1,1,1,1,0.13979013,Viral infections,0.6265,,1,3
280,ISS_20309_29682-copy-2-2048x1365.jpg,4,94,65.25,6139.5,0.214738359,1,1,2,0,0.237651334,,,,1,2
281,acne-scar-4.jpg,6,28.83333333,18.5,539.3333333,0.193313618,1,1,4,0,0.177488114,Acne and Rosacea Photos,0.9393,,1,2
282,hidradenitis-suppurativa-12.jpg,2,20,22,440,0.188186275,0,1,1,0,0.167638804,,,,1,2
283,6f47313bb4aa44647c80e46385336467 - Copy.jpg,3,23,44.33333333,1018,0.196447688,3,0,0,0,0.156064545,Psoriasis pictures Lichen Dermatosis and related diseases,0.9114,,1,3
284,c96v1mk9aeq31.jpg,6,35.33333333,28.16666667,1027,0.211601749,3,2,1,0,0.133708457,Tinea Ringworm Candidiasis and other Fungal Infections,0.9034,,1,2
285,hidradenitis-suppurativa-50.jpg,1,19,12,228,0.117432061,0,0,1,0,0.160323994,Tinea Ringworm Candidiasis and other Fungal Infections,0.9756,,1,1
286,acne-pustular-26.jpg,4,37.25,22.75,913.5,0.172850813,1,2,1,0,0.171213858,Acne and Rosacea Photos,0.9421,,1,2
287,acne (1)1.jpg,1,46,26,1196,0.179592104,1,0,0,0,0.137847014,Acne and Rosacea Photos,0.9387,Acne,1,2
288,acne (1)1 - Copy.jpg,1,46,26,1196,0.179592104,1,0,0,0,0.137847014,Acne and Rosacea Photos,0.9387,Acne,1,1
289,2 (13).jpg,2,57.5,58.5,3622.5,0.293126182,0,1,0,1,0.266246088,Tinea Ringworm Candidiasis and other Fungal Infections,0.4049,,1,3
290,40279_2013_22_Fig4_HTML.jpg,8,25.625,18.875,486.625,0.112743307,3,2,3,0,0.06446894,,,,1,3
291,2ff3b83bb9bdfec054e2c2273f02c8c6 - Copy.jpg,2,60.5,64,3945.5,0.316574367,0,0,2,0,0.289421917,,,,1,3
292,4A5DA7F500000578-5522003-Amy_who_battled_her_erupting_skin_for_15_years_says_doctors_dism-a-26_1521541958104.jpg,7,12.85714286,21.71428571,285.7142857,0.188495206,2,2,1,2,0.124000529,Acne and Rosacea Photos,0.9062,,1,3
293,resize.jpg,3,31.33333333,35.66666667,1156,0.08229198,1,2,0,0,0,Viral infections,0.454,,1,3
294,perioral-dermatitis-122.jpg,2,17.5,24,427.5,0.09535259,2,0,0,0,0.037190254,Acne and Rosacea Photos,0.8496,,1,3
295,e1b773cde1e05534390aa2404401e974.jpg,9,30.33333333,13.44444444,417.8888889,0.21625211,3,0,6,0,0.132011463,Acne and Rosacea Photos,0.9112,,1,3
296,Thirteen ways to remove acne scars quickly in one day (1).jpg,3,55,41.66666667,2289.666667,0.32074191,2,0,1,0,0.224046322,Acne and Rosacea Photos,0.509,,1,3
298,2 (52)1.jpg,4,22,17.5,390.5,0.233019698,3,0,0,1,0.192654805,Acne and Rosacea Photos,0.9077,,1,3
299,how-to-get-rid-of-acne-and-its-possible-treatments.jpg,17,55.94117647,43.82352941,2538.588235,0.27999448,4,8,2,3,0.18157071,Acne and Rosacea Photos,0.6704,,1,3
300,acne-pustular-35.jpg,4,56.5,26.5,1615,0.313391008,0,2,0,2,0.267563074,,,,1,3
301,OIP (20).jpg,15,15.6,10.46666667,176.6,0.288896617,2,2,11,0,0.251230672,Acne and Rosacea Photos,0.945,,1,3
302,GettyImages-552992761_thumb.jpg,6,53,37.16666667,2059.833333,0.212895639,4,1,1,0,0.174131887,,,,1,3
303,acne-pustular-36.jpg,4,25.25,34.5,873.5,0.284114472,0,3,1,0,0.232446659,Acne and Rosacea Photos,0.6676,,1,2
305,8.jpg,4,16.5,20,335,0.29312765,2,2,0,0,0.239288948,Acne and Rosacea Photos,0.8798,,1,2
306,2 (52).jpg,3,23.33333333,17.66666667,412.3333333,0.257578918,2,1,0,0,0.192673029,Acne and Rosacea Photos,0.925,,1,2
307,red-spots-on-skin-facial-rashes.jpg,9,46.66666667,25.22222222,1270.333333,0.346869909,2,5,0,2,0.253603375,,,,1,3
310,acne1.jpg,8,28.5,27.375,821.25,0.229272429,4,1,2,1,0.151549219,,,,1,3
311,acne-cystic-145.jpg,7,32.71428571,24.28571429,815,0.227758685,3,1,3,0,0.141347682,,,,1,3
312,R (16).jpg,3,46,31,1554.333333,0.317550753,1,0,2,0,0.208576089,Viral infections,0.5247,,1,3
313,IMG_3612.JPG.725c4d39a5a52639dde2be8be7b05adc.jpg,2,172.5,127,22069,0.295239499,2,0,0,0,0.163939057,,,,1,2
314,gallery_438857_14052_2182.jpg,2,28,37,1052,0.292544036,2,0,0,0,0.172526079,Tinea Ringworm Candidiasis and other Fungal Infections,0.9723,,1,2
315,C0024056-Acne_vulgaris.jpg,4,30.5,36.75,1164,0.204657659,3,0,0,1,0.150800353,Acne and Rosacea Photos,0.9165,,1,3
316,acne-pustular-67.jpg,6,31,16.66666667,523.6666667,0.164110266,0,2,4,0,0.139961155,,,,1,3
317,perioral-dermatitis-42.jpg,1,31,18,558,0.211589008,0,0,1,0,0.201145268,,,,1,1
318,R (4).jpg,14,49.57142857,33.5,1844.571429,0.090551163,2,4,8,0,0.079142576,,,,1,3
319,OIP (30).jpg,4,38.25,22.75,883.75,0.317279813,4,0,0,0,0.310980421,Acne and Rosacea Photos,0.7179,,1,2
320,07SteroidPerioral11 - Copy.jpg,2,36,25,906,0.26925927,0,0,2,0,0.204721697,,,,1,2
321,acne-open-comedo-22.jpg,22,18.90909091,24.22727273,479.3181818,0.156684376,2,0,20,0,0.141222421,Acne and Rosacea Photos,0.931,,1,3
322,acne-open-comedo-36.jpg,9,20.44444444,21.44444444,754.1111111,0.281349859,0,0,8,1,0.250689994,Actinic Keratosis Basal Cell Carcinoma and other Malignant Lesions,0.6132,,1,3
323,k92m6peqn1n31.jpg,0,0,0,0,0,0,0,0,0,0.145270243,Acne and Rosacea Photos,0.9411,,0,2
324,large.IMG_8887.JPG.be05af23e48fb382e5811e2f915ddf90.jpg,5,33.6,41.4,1411.8,0.287785548,0,1,4,0,0.176053704,Bullous Disease Photos,0.4513,,1,3
325,before-and-after-1603488659.jpg,3,22.66666667,38.66666667,849,0.220673169,3,0,0,0,0.157541653,Acne and Rosacea Photos,0.9158,,1,3
326,acne-cystic-29.jpg,5,13,18.8,241.4,0.192241073,0,0,5,0,0.214301715,Actinic Keratosis Basal Cell Carcinoma and other Malignant Lesions,0.9149,,1,3
327,07AcnePittedScars1 - Copy.jpg,2,25,19,467,0.117333992,1,1,0,0,0.188036694,,,,1,3
328,perioral-dermatitis-127.jpg,1,12,13,156,0.049120161,0,0,1,0,0.049538801,,,,1,3
329,766x415_Accutane_Side_Effects.jpg,4,42,21.25,921.75,0.347401685,1,0,3,0,0.294624944,,,,1,2
330,20150721042601_primary.jpg,9,52.11111111,33.11111111,1807,0.346421315,6,1,2,0,0.221049684,,,,1,3
331,hidradenitis-suppurativa-39.jpg,5,29.4,17.2,515,0.141849762,0,1,4,0,0.138944607,Tinea Ringworm Candidiasis and other Fungal Infections,0.9154,,1,2
332,23.jpg,7,39.42857143,25,1019.857143,0.276723493,3,3,0,1,0.163052633,,,,1,3
333,2 (53)1 - Copy.jpg,5,17,11.8,219.8,0.106500668,0,1,3,1,0.039383332,Psoriasis pictures Lichen Dermatosis and related diseases,0.965,,1,3
334,pc438phx95i41 (1).jpg,4,100.25,68.75,6923.5,0.157633272,0,2,2,0,0.095136644,,,,1,3
335,acne-rosacea-1024x967.jpg,7,53.42857143,41.42857143,2929.428571,0.312676904,0,3,3,1,0.264587781,,,,1,3
338,OIP (28).jpg,1,32,19,608,0.361129386,0,1,0,0,0.179478068,Acne and Rosacea Photos,0.9263,,1,2
339,perioral-dermatitis-17.jpg,2,28,19.5,553,0.208702961,1,0,1,0,0.188250233,Acne and Rosacea Photos,0.8713,,1,1
340,acne-breakout-GettyImages-11679106231 - Copy.jpg,2,85,45,3835,0.218931414,1,1,0,0,0.149828123,Acne and Rosacea Photos,0.5163,,1,2
341,rosacea-38.jpg,1,17,24,408,0.312283737,0,0,1,0,0.151150161,Acne and Rosacea Photos,0.9342,Red Skin,1,1
343,EWzV7k5Gy.5yjsFf8.Y5kQ_m.jpg,2,18,15.5,279,0.231130174,1,1,0,0,0.170647128,Acne and Rosacea Photos,0.8434,,1,3
345,acne-pustular-37.jpg,4,45.25,28.5,1306,0.193230011,2,1,1,0,0.17186724,Acne and Rosacea Photos,0.9343,,1,2
346,acne-pustular-55.jpg,0,0,0,0,0,0,0,0,0,0.25792972,Acne and Rosacea Photos,0.6036,,0,2
347,acne_treatment_kaliterna11.jpg,7,22.85714286,21,506.5714286,0.221659831,3,4,0,0,0.186331135,Acne and Rosacea Photos,0.9058,,1,3
348,M1080238-Acne_vulgaris_on_the_forehead_of_a_young_patient.jpg,5,39.2,22.8,961,0.36544618,1,4,0,0,0.283773116,Viral infections,0.7495,,1,2
349,acne-pustular-24.jpg,9,32.55555556,20.77777778,705,0.282347206,2,2,5,0,0.206059136,Acne and Rosacea Photos,0.9503,,1,3
350,acne-pustular-15.jpg,14,31.35714286,18.35714286,598.4285714,0.192919204,3,10,1,0,0.178052273,,,,1,3
351,gallery_174730_14272_301089.jpg,17,29.47058824,33.64705882,1009,0.220631648,3,8,6,0,0.13253035,,,,1,3
352,acne-pustular-70.jpg,6,40.83333333,25.16666667,1059.333333,0.197405342,1,2,3,0,0.167750643,Acne and Rosacea Photos,0.9379,,1,3
353,rosacea-14.jpg,0,0,0,0,0,0,0,0,0,0.134485848,Acne and Rosacea Photos,0.9235,,0,1
354,acne-cystic-61.jpg,7,29.71428571,19.85714286,696.2857143,0.109214159,2,0,4,1,0.091696392,Acne and Rosacea Photos,0.9099,,1,2
355,acne-scar-6.jpg,0,0,0,0,0,0,0,0,0,0.159544815,Acne and Rosacea Photos,0.9352,,0,1
356,acne-open-comedo-58.jpg,2,37,18.5,689,0.279012696,0,0,2,0,0.274111735,Viral infections,0.7794,,1,1
357,R (38).jpg,4,65.25,68,4486.75,0.20973082,2,2,0,0,0.145802971,Viral infections,0.4184,,1,2
359,17a4d1a917e5faa9f2675ebd83e52679.jpg,2,15.5,23.5,368,0.252030973,2,0,0,0,0.185662097,Acne and Rosacea Photos,0.9287,,1,3
360,OIP (11).jpg,3,20.33333333,14,283.3333333,0.323594754,0,1,2,0,0.283314767,,,,1,3
361,acne-cystic-46.jpg,6,34.66666667,19.33333333,718.8333333,0.189358968,1,0,4,1,0.17021086,Acne and Rosacea Photos,0.8896,,1,3
362,2 (12).jpg,16,19.1875,12.5,240.75,0.213748646,7,4,5,0,0.183405104,Acne and Rosacea Photos,0.9332,,1,3
363,acne-pustular-8.jpg,3,28.66666667,17,489.3333333,0.216525209,0,1,2,0,0.128865816,Acne and Rosacea Photos,0.9495,,1,2
365,acne-pustular-65.jpg,7,39,24.42857143,972.2857143,0.332003838,6,0,1,0,0.281686786,Viral infections,0.7044,,1,2
366,acne-pustular-47.jpg,13,37.61538462,23.23076923,895.5384615,0.340304816,5,6,1,1,0.175004909,,,,1,3
367,acne-open-comedo-14.jpg,5,28.6,17.4,523.8,0.233491115,0,0,5,0,0.184206314,Acne and Rosacea Photos,0.4628,,1,2
368,acne-infantile-7.jpg,2,17.5,22.5,394,0.212832034,1,1,0,0,0.145191489,Acne and Rosacea Photos,0.5664,,1,1
369,perioral-dermatitis-123.jpg,2,16,10.5,168,0.245774287,0,0,2,0,0.027704374,Acne and Rosacea Photos,0.8177,,1,1
371,acne-cystic-13.jpg,4,28.25,17.5,500.25,0.168338493,0,0,4,0,0.128501325,Acne and Rosacea Photos,0.831,,1,3
372,acne-open-comedo-64.jpg,6,31.33333333,17.33333333,545,0.169895748,0,0,6,0,0.167689011,Acne and Rosacea Photos,0.4744,,1,2
373,57.jpg,3,55.33333333,36,2123.333333,0.397903432,2,0,0,1,0.321501875,,,,1,3
374,acne-cystic-25.jpg,11,49.63636364,32.81818182,1745.272727,0.233003517,6,2,0,3,0.209597143,Acne and Rosacea Photos,0.8746,,1,3
376,acne_treatment_kaliterna11 - Copy.jpg,7,22.85714286,21,506.5714286,0.221659831,3,4,0,0,0.186331135,Acne and Rosacea Photos,0.9058,,1,3
377,acne-cystic-9.jpg,13,21.30769231,12.07692308,259.5384615,0.085677395,0,0,13,0,0.090938067,,,,1,3
378,83avy6u56eh21.jpg,3,48.33333333,67,3479,0.076102867,2,0,0,1,0.044860975,Tinea Ringworm Candidiasis and other Fungal Infections,0.9417,,1,2
379,17a4d1a917e5faa9f2675ebd83e526791 - Copy.jpg,3,17.66666667,28,492.6666667,0.22265774,3,0,0,0,0.185637427,Acne and Rosacea Photos,0.9129,,1,2
380,07RosaceaOK0828063.jpg,1,23,26,598,0.2421044,0,1,0,0,0.16732269,Acne and Rosacea Photos,0.9507,,1,3
381,R (13).jpg,6,95.5,51.33333333,5058.333333,0.2879746,4,0,2,0,0.236821884,,,,1,2
382,07AcnePittedScars.jpg,3,32,21.66666667,709.3333333,0.141819863,0,2,1,0,0.188087681,,,,1,2
383,rosacea-32.jpg,3,48,32.33333333,1584.666667,0.252305315,1,0,0,2,0.157335107,Acne and Rosacea Photos,0.6071,,1,1
384,hidradenitis-suppurativa-33.jpg,6,49.83333333,30.16666667,1744.666667,0.196020637,1,0,3,2,0.160400881,,,,1,2
385,acne-open-comedo-20.jpg,4,27.25,16.75,475,0.129401509,0,0,4,0,0.113792644,Viral infections,0.5497,,1,1
387,acne-pustular-28.jpg,8,49.875,28.25,1502.375,0.326615885,2,6,0,0,0.280955609,,,,1,3
388,acne-excoriated-3.jpg,4,22.25,28.25,632.25,0.153459913,1,0,3,0,0.136634772,,,,1,2
389,acne-cystic-104.jpg,25,24.92,13.32,335.96,0.08954529,0,2,23,0,0.065027879,Seborrheic Keratoses and other Benign Tumors,0.5439,,1,3
390,acne-pustular-66.jpg,2,46,52,2424,0.318222981,0,1,0,1,0.250643398,,,,1,2
391,hidradenitis-suppurativa-40.jpg,4,39.25,25.75,1097.25,0.133702507,0,1,1,2,0.144335622,,,,1,2
392,R (21).jpg,6,26.16666667,23.16666667,715,0.223695663,3,2,0,1,0.165832088,Acne and Rosacea Photos,0.5102,,1,3
393,R (20).jpg,2,24,12.5,301.5,0.378137775,0,1,1,0,0.318173856,Acne and Rosacea Photos,0.9253,,1,3
394,7b5781acbf8cf3ef59928bf1fd56df9eC!r23ac1983a0274adecccb505518971ace1.jpg,2,24,25,600,0.23319743,2,0,0,0,0.109005585,Acne and Rosacea Photos,0.8919,,1,2
395,acnemi01b580b8_1414229-860x573.jpg,4,31.25,20,637,0.263021136,1,2,1,0,0.200772846,Systemic Disease,0.6276,,1,3
396,R (29).jpg,1,36,19,684,0.175303864,0,1,0,0,0.132740011,Acne and Rosacea Photos,0.9031,,1,3
397,55.jpg,5,32,24.2,780.8,0.241785643,3,1,1,0,0.198855852,,,,1,3
398,acne-cystic-59.jpg,15,21.46666667,14.13333333,306.4666667,0.134490653,3,1,11,0,0.105228522,,,,1,3
400,hidradenitis-suppurativa-29.jpg,1,20,18,360,0.143246187,0,0,1,0,0.158147831,Tinea Ringworm Candidiasis and other Fungal Infections,0.9381,,1,1
401,acne-excoriated-12.jpg,0,0,0,0,0,0,0,0,0,0,Acne and Rosacea Photos,0.7215,,0,2
402,IMG_3366.JPG.799f3d13a535a94016ba39c390b09efa.jpg,3,49.66666667,62.33333333,3161,0.339130377,1,2,0,0,0.231928602,Acne and Rosacea Photos,0.6228,,1,2
403,What-is-Cystic-Acne-and-Why-is-It-Caused.jpg,8,28.5,18.375,528.75,0.237200806,1,2,5,0,0.150042868,Acne and Rosacea Photos,0.9124,,1,3
404,hidradenitis-suppurativa-46.jpg,10,26.5,17,472.2,0.174125269,0,0,10,0,0.163596895,,,,1,3
405,10_Skin11.jpg,0,0,0,0,0,0,0,0,0,0.269524591,Acne and Rosacea Photos,0.9272,,0,2
406,o-ADULT-ACNE-facebook.jpg,0,0,0,0,0,0,0,0,0,0.086688718,Acne and Rosacea Photos,0.8186,,0,1
407,hidradenitis-suppurativa-3.jpg,4,34.75,22,805.75,0.144656429,1,1,2,0,0.142621267,,,,1,2
408,07Acne0811011 - Copy.jpg,19,29.26315789,17.89473684,548.1052632,0.164362247,5,9,5,0,0.156095256,Acne and Rosacea Photos,0.9424,,1,3
409,acne-pustular-12.jpg,23,21.73913043,13.34782609,300.1304348,0.170037321,2,17,4,0,0.14198586,Viral infections,0.5387,,1,3
410,acne-excoriated-23.jpg,7,40.42857143,24,1348,0.20623976,0,0,5,2,0.172903682,,,,1,3
411,acne-pustular-38.jpg,6,35,21.16666667,781.5,0.171462214,0,3,1,2,0.12170259,,,,1,3
412,R (10).jpg,4,31.25,27,871,0.128107728,3,0,1,0,0.142676051,Tinea Ringworm Candidiasis and other Fungal Infections,0.9627,,1,3
414,OIP (14).jpg,1,11,10,110,0.185828877,0,0,1,0,0.227964832,Acne and Rosacea Photos,0.9008,,1,3
415,40.jpg,7,30.57142857,21.42857143,724.5714286,0.162856732,1,2,4,0,0.164997744,Actinic Keratosis Basal Cell Carcinoma and other Malignant Lesions,0.4589,,1,3
416,acne-pustular-61.jpg,18,27.83333333,20,560.8888889,0.271596642,10,4,4,0,0.199383926,Acne and Rosacea Photos,0.6513,,1,3
417,07RosaceaOK08280631 - Copy.jpg,0,0,0,0,0,0,0,0,0,0.174895987,Acne and Rosacea Photos,0.9526,,0,1
418,acne-cystic-6.jpg,1,17,10,170,0.086978085,1,0,0,0,0.081225348,,,,1,3
420,perioral-dermatitis-33.jpg,1,36,20,720,0.244850218,0,0,1,0,0.19205411,,,,1,1
421,acne-cystic-14.jpg,10,21.9,27.6,622.8,0.149917924,2,3,5,0,0.142425455,Acne and Rosacea Photos,0.8877,,1,2
422,acne-pustular-53.jpg,6,52.33333333,30,1822.666667,0.255000176,1,2,1,2,0.20943926,,,,1,3
423,acne-cystic-118.jpg,8,19.25,23.125,456.375,0.092388982,3,2,3,0,0.060614173,Systemic Disease,0.4165,,1,3
424,perioral-dermatitis-101.jpg,0,0,0,0,0,0,0,0,0,0.191545066,Acne and Rosacea Photos,0.9273,,0,1
426,perioral-dermatitis-92.jpg,1,30,42,1260,0.330084034,0,1,0,0,0.284256656,,,,1,1
427,40279_2013_22_Fig4_HTML1.jpg,10,24.8,17.9,447.5,0.120926151,2,5,3,0,0.064405596,,,,1,3
428,acne-open-comedo-16.jpg,10,30.7,17.9,570,0.121949041,0,0,10,0,0.12582766,,,,1,3
429,acne-pustular-48.jpg,1,22,9,198,0.178817588,0,1,0,0,0.141082557,Acne and Rosacea Photos,0.8285,,1,2
430,perioral-dermatitis-32.jpg,1,66,40,2640,0.214798723,0,1,0,0,0.173447747,,,,1,1
431,acne-open-comedo-21.jpg,12,18,22.5,408.1666667,0.183591562,0,0,12,0,0.174011242,,,,1,2
432,R (11).jpg,6,33.5,20.66666667,699.1666667,0.246769403,2,0,1,3,0.078293528,Acne and Rosacea Photos,0.8726,,1,3
433,acne-infantile-10.jpg,7,15.14285714,19,298.7142857,0.308882086,1,2,4,0,0.192060591,Acne and Rosacea Photos,0.847,,1,2
434,M2500052-Acne_rosacea.jpg,3,59.33333333,39,2332.333333,0.236325388,3,0,0,0,0.187241821,Acne and Rosacea Photos,0.5316,,1,3
435,image.jpg,1,65,42,2730,0.246874955,1,0,0,0,0.163315524,Acne and Rosacea Photos,0.664,,1,2
437,acne02bf-21 - Copy.jpg,4,34.75,19.75,694.75,0.12499238,0,4,0,0,0.094106551,,,,1,3
438,acne-closed-comedo-16.jpg,2,51.5,30.5,1570,0.291990373,1,0,1,0,0.193701085,,,,1,1
439,acne-pustular-14.jpg,5,34.6,20,728.2,0.197333946,2,3,0,0,0.19371042,Acne and Rosacea Photos,0.9386,,1,2
440,acne-pustular-68.jpg,12,20.58333333,26.75,633.25,0.153693185,3,3,5,1,0.139299487,,,,1,3
441,42.jpg,3,22,13.33333333,301.3333333,0.181871818,0,1,2,0,0.163998346,,,,1,3
442,acne-cystic-130.jpg,7,43.85714286,23.14285714,1075,0.186667498,1,2,2,2,0.176456764,Acne and Rosacea Photos,0.4098,,1,3
444,2 (7)1.jpg,3,17.66666667,20.66666667,379,0.429158536,3,0,0,0,0.317936201,Acne and Rosacea Photos,0.8996,,1,3
445,fordyce-spots-1.jpg,5,25.8,14.6,368.2,0.066058783,2,3,0,0,0.085448622,,,,1,2
446,32212176-8650569-image-a-10_1598002142635111.jpg,7,14,21.42857143,325,0.251466173,0,4,3,0,0.207032658,Acne and Rosacea Photos,0.9311,,1,3
447,acne-cystic-47.jpg,4,20,13.5,271,0.177490172,1,0,3,0,0.118855113,,,,1,3
448,acne-pustular-17.jpg,6,45.33333333,27.33333333,1319,0.251027228,2,3,1,0,0.19968013,Acne and Rosacea Photos,0.9249,,1,3
449,acne-excoriated-29.jpg,0,0,0,0,0,0,0,0,0,0.271968149,Acne and Rosacea Photos,0.8393,,0,1
450,acne-pustular-7.jpg,6,30.5,17.66666667,580.6666667,0.169316106,0,4,2,0,0.146074069,Acne and Rosacea Photos,0.9335,,1,2
451,hidradenitis-suppurativa-25.jpg,8,33.75,20.5,745.75,0.135215167,4,0,4,0,0.121786833,Acne and Rosacea Photos,0.9236,,1,3
452,acne-scar-8.jpg,3,17.33333333,12,208.3333333,0.102583,0,0,3,0,0.151743814,,,,1,2
453,IMG_8544.thumb.JPG.faf77397f165101fbe28d89642ac2fe3.jpg,16,25.1875,28.625,756.875,0.239085584,12,3,0,1,0.13530184,,,,1,3
454,acne-cystic-116.jpg,40,20.875,11.55,246.175,0.097870226,0,0,40,0,0.065035001,Acne and Rosacea Photos,0.8694,,1,3
455,63.jpg,3,54.33333333,37.66666667,2227.666667,0.273519943,0,1,1,1,0.278594078,,,,1,3
456,acne-cystic-144.jpg,33,21.33333333,23.42424242,517.1818182,0.238598388,5,1,22,5,0.203913019,,,,1,3
457,R (19).jpg,2,34.5,19,698,0.213438895,0,0,2,0,0.130893551,Viral infections,0.869,,1,3
458,C0384489-Nodular_acne.jpg,7,45.42857143,27.57142857,1310.571429,0.206570768,0,4,0,3,0.15596501,Acne and Rosacea Photos,0.5613,,1,3
459,32212176-8650569-image-a-10_15980021426351.jpg,7,19.28571429,22.14285714,440,0.263577956,1,4,2,0,0.140145941,Acne and Rosacea Photos,0.9367,,1,3
460,31.jpg,2,59.5,49.5,3000.5,0.237396191,2,0,0,0,0.170870481,Tinea Ringworm Candidiasis and other Fungal Infections,0.9867,,1,2
461,acne-closed-comedo-10.jpg,1,15,21,315,0.247295363,1,0,0,0,0.13079822,,,,1,1
463,6f47313bb4aa44647c80e46385336467.jpg,3,23,44.33333333,1018,0.196447688,3,0,0,0,0.156064545,Psoriasis pictures Lichen Dermatosis and related diseases,0.9114,,1,3
464,11.jpg,3,119,134,15983,0.352117938,2,1,0,0,0.288545805,,,,1,2
465,rosacea-41.jpg,1,25,28,700,0.101677871,0,0,0,1,0.035889453,Acne and Rosacea Photos,0.4289,,1,1
466,hidradenitis-suppurativa-37.jpg,2,40,25,1030,0.198217407,1,0,1,0,0.161034224,,,,1,1
468,acne-closed-comedo-21 - Copy.jpg,2,37,23,850,0.255679489,1,1,0,0,0.198655787,Viral infections,0.7015,,1,2
469,acne-pustular-40.jpg,4,29.25,36,1264.5,0.267694503,2,1,0,1,0.191949106,Viral infections,0.857,,1,3
471,acne-infantile-11.jpg,10,14.6,18.9,285.4,0.296223079,1,6,3,0,0.195514818,Acne and Rosacea Photos,0.9131,,1,3
472,R.jpg,17,37.52941176,39.47058824,1533.941176,0.279307419,6,7,4,0,0.230790907,Acne and Rosacea Photos,0.5012,,1,3
473,acne-cystic-102.jpg,16,14.5625,19.5,291.4375,0.329342493,4,5,7,0,0.237143524,,,,1,3
474,acne-cystic-107.jpg,10,23,14.3,335.4,0.062848566,0,0,10,0,0.058488726,Seborrheic Keratoses and other Benign Tumors,0.451,,1,3
475,acne-cystic-110.jpg,18,15.77777778,20.77777778,334.9444444,0.211317236,2,0,16,0,0.169503401,,,,1,3
476,R (2).jpg,1,118,62,7316,0.324091435,0,1,0,0,0.118707572,,,,1,2
477,acne-cystic-45.jpg,1,36,17,612,0.279277201,0,1,0,0,0.186140058,Psoriasis pictures Lichen Dermatosis and related diseases,0.928,,1,1
478,article-2060572-0EC482B900000578-464_1024x615_large.jpg,6,43.83333333,24.5,1192,0.374980996,1,4,1,0,0.301085303,Atopic Dermatitis Photos,0.6069,,1,2
479,acne-pustular-57.jpg,3,37,22,814,0.20408915,2,1,0,0,0.13767887,Acne and Rosacea Photos,0.9435,,1,2
480,26.jpg,2,33.5,21,702,0.12287757,0,2,0,0,0.094254769,Acne and Rosacea Photos,0.7682,,1,3
482,post-367514-0-31768100-1387921341.jpg,1,36,28,1008,0.363478447,0,1,0,0,0.199176265,Acne and Rosacea Photos,0.9422,,1,2
483,acne-excoriated-27.jpg,2,66.5,50.5,3383,0.379851643,1,0,0,1,0.317712287,Actinic Keratosis Basal Cell Carcinoma and other Malignant Lesions,0.4456,,1,3
484,41.jpg,6,46.5,32.16666667,1852.166667,0.224579288,1,0,2,3,0.191177078,Acne and Rosacea Photos,0.8445,,1,3
485,acne-cystic-128.jpg,2,44,30,1365,0.174475428,1,0,0,1,0.168326809,Viral infections,0.8287,,1,3
486,acne-cystic-21.jpg,7,35.57142857,22.85714286,898.5714286,0.233900085,1,2,3,1,0.188974407,Acne and Rosacea Photos,0.9471,,1,3
487,rosacea-31.jpg,1,30,18,540,0.190348584,0,0,1,0,0.185969384,Tinea Ringworm Candidiasis and other Fungal Infections,0.9334,,1,1
489,07VascularFace0120.jpg,1,41,20,820,0.169395026,0,1,0,0,0.159073237,Tinea Ringworm Candidiasis and other Fungal Infections,0.8543,,1,1
490,acne-visual-dictionary-s11-severe-nodulocystic-acne.jpg,13,35.53846154,22.46153846,830.1538462,0.399800657,2,10,1,0,0.364572662,Viral infections,0.4521,,1,3
493,07Acne0811011.jpg,19,29.26315789,17.89473684,548.1052632,0.164362247,5,9,5,0,0.156095256,Acne and Rosacea Photos,0.9424,,1,3
494,acne-pustular-44.jpg,7,37.85714286,26.85714286,1141.285714,0.195732546,3,0,4,0,0.163025761,Acne and Rosacea Photos,0.8454,,1,2
495,acne-cystic-20.jpg,6,30.5,17.66666667,580.6666667,0.169316106,0,4,2,0,0.146074069,Acne and Rosacea Photos,0.9335,,1,2
499,OIP (19).jpg,2,32,24.5,784,0.228386642,2,0,0,0,0.245229744,Acne and Rosacea Photos,0.8151,,1,3
500,acne-pustular-22.jpg,7,55.57142857,34.85714286,2085.285714,0.196090563,2,2,2,1,0.179341197,,,,1,3
501,acne-open-comedo-35.jpg,2,21.5,25.5,553.5,0.266201888,0,0,2,0,0.196487114,,,,1,1
502,2 (3)1.jpg,6,43,34,1773.333333,0.189216746,2,3,0,1,0.172251452,,,"Acne,Acne",1,3
503,acne-open-comedo-13.jpg,31,19.87096774,12.38709677,251.9677419,0.128277949,0,0,31,0,0.082985907,Acne and Rosacea Photos,0.7848,,1,3
504,6.jpg,10,24.8,17.9,447.5,0.120926151,2,5,3,0,0.064405596,,,,1,3
505,acne-cystic-88.jpg,2,50,37.5,1870.5,0.317390425,2,0,0,0,0.293761285,,,Acne,1,2
506,acne-breakout-GettyImages-11679106231.jpg,2,85,45,3835,0.218931414,1,1,0,0,0.149828123,Acne and Rosacea Photos,0.5163,,1,1
507,OIP.jpg,4,21,16,348,0.206375737,1,2,1,0,0.127870906,,,"Acne,Acne",1,3
508,2 (6)1.jpg,1,157,71,11147,0.200780127,0,0,0,1,0.148254651,Acne and Rosacea Photos,0.7238,,1,3
509,acne-pustular-56.jpg,0,0,0,0,0,0,0,0,0,0.183871148,Acne and Rosacea Photos,0.4269,,0,1
510,12.jpg,7,15.28571429,11.42857143,181,0.217226135,3,0,4,0,0.154980106,Acne and Rosacea Photos,0.9322,,1,3
511,R (14).jpg,0,0,0,0,0,0,0,0,0,0.16114944,Acne and Rosacea Photos,0.6326,,0,1
512,241b000fa0e0caf8cf8ac4b29137af481 - Copy.jpg,1,20,11,220,0.41184492,0,0,1,0,0.240275492,,,,1,3
513,acne-infantile-9.jpg,11,24.81818182,16.72727273,433.4545455,0.294811259,3,3,5,0,0.19403944,Acne and Rosacea Photos,0.8556,,1,3
514,2 (5).jpg,2,19.5,11.5,220.5,0.390962123,1,1,0,0,0.312385666,Systemic Disease,0.4681,,1,3
515,20150721042601_primary1 - Copy.jpg,11,48.27272727,31,1586.454545,0.306054631,6,3,2,0,0.221152418,,,,1,3
516,83avy6u56eh211.jpg,7,46.28571429,60.71428571,2965,0.093013633,5,0,0,2,0.044839857,Tinea Ringworm Candidiasis and other Fungal Infections,0.6261,,1,3
517,07RosaceaFulFAce1 - Copy.jpg,0,0,0,0,0,0,0,0,0,0.24058809,Acne and Rosacea Photos,0.934,,0,1
518,acne-pustular-62.jpg,30,18.26666667,19.96666667,373.4,0.240741889,7,12,11,0,0.154776422,Acne and Rosacea Photos,0.9375,,1,3
519,acne-cystic-94.jpg,38,17.18421053,18.15789474,317.3157895,0.172410663,2,1,35,0,0.122982914,,,,1,3
520,acne-pustular-45.jpg,7,36.71428571,24.14285714,931.2857143,0.246357621,0,4,2,1,0.211879912,Acne and Rosacea Photos,0.9294,,1,3
522,file.jpg,5,28.6,31.2,990.8,0.231373458,0,0,5,0,0.196674191,Acne and Rosacea Photos,0.9391,,1,2
523,acne-closed-comedo-61 - Copy.jpg,2,49,33,1633,0.200551945,2,0,0,0,0.209195958,,,,1,2
525,depositphotos_325684016-stock-photo-teenage-girl-with-acne-problem.jpg,1,40,30,1200,0.263243464,1,0,0,0,0.185297863,Acne and Rosacea Photos,0.8789,,1,3
526,perioral-dermatitis-131.jpg,3,37.33333333,22.33333333,855.6666667,0.160549346,1,0,2,0,0.209657365,Systemic Disease,0.409,,1,2
527,2 1(1)1 - Copy.jpg,6,32.66666667,29,997,0.216407599,2,2,2,0,0.156048537,,,,1,3
528,acne-excoriated-16.jpg,6,16.16666667,22,364.5,0.084980815,3,2,1,0,0.028634259,Acne and Rosacea Photos,0.4713,,1,3
530,54a279bcec5a872af278da1d9a9f7337--clear-skin-acne1 - Copy.jpg,7,21,14.57142857,309.4285714,0.39991411,0,4,3,0,0.349022604,Acne and Rosacea Photos,0.496,,1,3
531,acne-pustular-5.jpg,15,19.2,23.46666667,466,0.142720478,2,8,4,1,0.12623591,Acne and Rosacea Photos,0.8952,,1,2
533,R (32).jpg,3,54,27.33333333,1540,0.282332642,2,0,1,0,0.215171515,Acne and Rosacea Photos,0.6335,,1,2
535,acne-pustular-41.jpg,3,41,22.33333333,905.6666667,0.27304679,0,3,0,0,0.234256467,,,,1,3
536,acne-pustular-9.jpg,13,25.23076923,15.69230769,407.6923077,0.206711552,2,3,8,0,0.159910148,Acne and Rosacea Photos,0.952,,1,3
537,MDRUMF_Authentically_Spotty-1-1068x1431.jpg,14,33.71428571,42.71428571,1471.357143,0.227658864,5,4,5,0,0.122546193,Viral infections,0.7985,,1,3
538,acne-closed-comedo-25.jpg,1,59,35,2065,0.261658833,0,1,0,0,0.243897001,,,,1,1
539,205841.jpg,7,16.57142857,20.42857143,345.5714286,0.293212225,3,2,2,0,0.239195902,Acne and Rosacea Photos,0.9486,,1,3
540,acne_treatment_kaliterna.jpg,3,34.33333333,16.33333333,580.3333333,0.164238307,1,2,0,0,0.196154169,Acne and Rosacea Photos,0.583,,1,3
541,20_before.jpg,2,27,31.5,850.5,0.352609035,0,0,2,0,0.315711929,,,,1,2
542,unnamed.jpg,1,45,35,1575,0.612577653,1,0,0,0,0.447312605,Acne and Rosacea Photos,0.9146,,1,2
543,acne-open-comedo-44.jpg,4,31.5,25.25,841.5,0.141748862,1,0,3,0,0.126373379,,,,1,2
544,acne-excoriated-8.jpg,2,47,27.5,1567.5,0.161414223,0,1,1,0,0.182644272,Acne and Rosacea Photos,0.8963,,1,2
545,hqdefault.jpg,9,47.55555556,35.66666667,1850.777778,0.398094762,1,0,3,5,0.307930646,Acne and Rosacea Photos,0.9252,,1,3
546,rosacea-117.jpg,0,0,0,0,0,0,0,0,0,0.239525338,Acne and Rosacea Photos,0.5068,,0,1
548,2 (2).jpg,3,56,33.66666667,1917.333333,0.284353256,3,0,0,0,0.191928825,Tinea Ringworm Candidiasis and other Fungal Infections,0.6963,,1,2
549,2 (6).jpg,4,66.75,28.25,2120.75,0.200928807,1,2,0,1,0.148202427,Acne and Rosacea Photos,0.5641,,1,3
550,rosacea-50.jpg,6,17,22.66666667,393.5,0.115120452,2,0,4,0,0.098629733,Acne and Rosacea Photos,0.5353,,1,2
551,4.jpg,11,30.36363636,29.81818182,934.4545455,0.307954224,6,3,2,0,0.190663922,Acne and Rosacea Photos,0.9451,,1,3
552,752kd5y464t011 - Copy.jpg,3,106.6666667,113.3333333,12648.66667,0.132530537,1,1,1,0,0.100250647,Normal Skin,0.5133,,1,2
553,2 (53).jpg,9,12.77777778,9.222222222,118.4444444,0.076465786,1,3,5,0,0.039242613,Psoriasis pictures Lichen Dermatosis and related diseases,0.9429,,1,3
554,R (36).jpg,4,30.5,30.25,942.75,0.338395032,1,1,2,0,0.195200446,Acne and Rosacea Photos,0.9209,,1,3
555,acne-open-comedo-66.jpg,54,18.64814815,23.37037037,443.5185185,0.203100956,1,3,50,0,0.194246208,,,,1,1
556,17.jpg,3,26.66666667,23.33333333,639.3333333,0.213720257,2,0,1,0,0.164509331,Acne and Rosacea Photos,0.854,Acne,1,2
557,hidradenitis-suppurativa-69.jpg,1,41,28,1148,0.21139407,0,0,1,0,0.234381159,Actinic Keratosis Basal Cell Carcinoma and other Malignant Lesions,0.8364,,1,1
558,R (30).jpg,4,20.5,15.75,330.5,0.146128287,3,1,0,0,0.08861222,Acne and Rosacea Photos,0.8964,,1,2
559,R (45).jpg,9,16.77777778,7.555555556,129,0.337340507,0,1,8,0,0.318424718,Acne and Rosacea Photos,0.9433,,1,2
560,752kd5y464t011.jpg,3,106.6666667,113.3333333,12648.66667,0.132530537,1,1,1,0,0.100250647,Normal Skin,0.5133,,1,2
561,acne-pustular-4.jpg,19,22.47368421,28.31578947,654.1578947,0.153567947,11,3,5,0,0.106847553,Acne and Rosacea Photos,0.4528,,1,3
562,acne-pustular-29.jpg,1,39,18,702,0.258681079,0,1,0,0,0.134707938,Acne and Rosacea Photos,0.8929,,1,1
563,acne-infantile-12.jpg,8,14.75,18.75,280.75,0.326422909,0,6,2,0,0.183303098,Acne and Rosacea Photos,0.8415,,1,3
564,acne-closed-comedo-14.jpg,1,36,23,828,0.240840201,0,0,1,0,0.254531028,,,,1,1
565,acne-treatment-02.jpg,4,30.75,27.75,906.5,0.310570901,1,2,1,0,0.191008844,Viral infections,0.5819,,1,3
566,acne-excoriated-13.jpg,1,28,35,980,0.268105242,1,0,0,0,0.171828901,Acne and Rosacea Photos,0.9237,,1,1
568,acne-excoriated-26.jpg,6,20,25.33333333,539,0.08260235,2,1,3,0,0.024553578,Acne and Rosacea Photos,0.6702,,1,2
570,fungal-acne.jpg,8,68.75,39.25,2762.375,0.222403796,3,2,3,0,0.171742211,,,,1,3
571,acne-pustular-42.jpg,11,48.27272727,29.09090909,1420.090909,0.281073216,5,4,0,2,0.206912759,,,,1,3
573,52.jpg,3,45.66666667,35.33333333,1619,0.232631944,1,1,1,0,0.198093219,,,,1,3
574,acne-closed-comedo-32.jpg,3,33.66666667,23.33333333,856,0.188145491,0,1,1,1,0.200383883,,,,1,1
575,2 (2)1.jpg,5,57.8,31.6,1868.8,0.279446174,2,1,1,1,0.191674651,,,,1,2
576,acne-open-comedo-1.jpg,6,41,23.83333333,1224.5,0.165925737,0,2,3,1,0.139072712,Acne and Rosacea Photos,0.4565,,1,2
577,tumblr_ov7rm75Zwo1wuhvt8o1_640.jpg,0,0,0,0,0,0,0,0,0,0.146463602,Acne and Rosacea Photos,0.9413,,0,1
578,acne-excoriated-15.jpg,6,34.33333333,30.5,1318.5,0.255925015,1,0,5,0,0.210113291,,,,1,2
579,a4adb9e50d8636f5ec9ce65269dd92f7.jpg,5,22.4,18.2,424.2,0.265630977,3,1,1,0,0.233256484,Acne and Rosacea Photos,0.9487,,1,2
580,f7d8df8c60aa6b73bc15a59ad57c79a5.jpg,1,34,24,816,0.188175221,0,1,0,0,0.06143315,Tinea Ringworm Candidiasis and other Fungal Infections,0.5353,,1,1
581,rosacea-60.jpg,1,11,15,165,0.08342246,0,0,1,0,0.052653803,Actinic Keratosis Basal Cell Carcinoma and other Malignant Lesions,0.7587,,1,2
583,17a4d1a917e5faa9f2675ebd83e526791.jpg,3,17.66666667,28,492.6666667,0.22265774,3,0,0,0,0.185637427,Acne and Rosacea Photos,0.9129,,1,2
584,15.jpg,3,39.33333333,22,882.3333333,0.330870637,0,0,3,0,0.294574285,Acne and Rosacea Photos,0.4108,,1,2
585,post-370921-0-39350300-1389608977.jpg,2,29.5,19.5,589,0.123054769,1,0,1,0,0.043754954,,,,1,2
586,perioral-dermatitis-121.jpg,3,25,15.33333333,383.3333333,0.186607516,0,1,2,0,0.16153263,Acne and Rosacea Photos,0.9333,,1,1
587,19280a95363d065b1dfbc654e28530291.jpg,4,22.5,29.25,664.75,0.183339816,3,0,0,1,0.132567649,Acne and Rosacea Photos,0.9264,,1,2
588,rhinophyma-4.jpg,0,0,0,0,0,0,0,0,0,0.031735859,Acne and Rosacea Photos,0.5589,,0,1
589,acne-open-comedo-38.jpg,1,50,34,1700,0.27700346,1,0,0,0,0.203387475,,,,1,1
590,1-inst-natural-acne-solutions-36374-150x1501.jpg,2,21,20,422,0.302970863,2,0,0,0,0.273628671,Acne and Rosacea Photos,0.9099,,1,2
591,hidradenitis-suppurativa-107.jpg,2,31,17.5,543,0.033688065,0,0,2,0,0,,,,1,2
592,acne-cystic-26.jpg,12,50.66666667,28.91666667,1495.083333,0.24092227,9,1,0,2,0.207790322,Acne and Rosacea Photos,0.8799,,1,3
593,R (15).jpg,1,83,55,4565,0.268849086,1,0,0,0,0.196950903,Viral infections,0.8514,,1,2
595,acne-pustular-25.jpg,2,25.5,16,411,0.319822034,0,1,1,0,0.168691846,Acne and Rosacea Photos,0.9478,,1,2
596,rosacea-58.jpg,0,0,0,0,0,0,0,0,0,0,Acne and Rosacea Photos,0.9311,,0,1
597,maxresdefault.jpg,8,122.375,64,8626.875,0.163393743,0,5,3,0,0.134703287,,,,1,3
598,rosacea-15.jpg,0,0,0,0,0,0,0,0,0,0.10798314,Acne and Rosacea Photos,0.4673,,0,1
599,32212176-8650569-image-a-10_159800214263511.jpg,18,15.66666667,17.27777778,283.5,0.263790067,3,10,5,0,0.150053523,Acne and Rosacea Photos,0.9251,,1,3
601,10_Skin1.jpg,1,25,20,500,0.387572549,0,0,1,0,0.26948456,Acne and Rosacea Photos,0.9313,,1,2
602,acne-infantile-1.jpg,2,27.5,16,497,0.207024993,0,0,2,0,0.218896536,Viral infections,0.4302,,1,1
603,13.jpg,11,31,19.18181818,610.9090909,0.160080088,3,1,7,0,0.1194296,Acne and Rosacea Photos,0.9456,,1,3
604,perioral-dermatitis-141.jpg,4,20.5,11.25,239.25,0.168979679,0,1,3,0,0.131536392,Acne and Rosacea Photos,0.9467,,1,2
605,R (25).jpg,5,16.4,18.8,325.4,0.151996364,3,0,1,1,0.129030918,Acne and Rosacea Photos,0.6035,,1,3
606,acne-cystic-11.jpg,3,27.66666667,16,460.6666667,0.24929042,0,3,0,0,0.181374603,Acne and Rosacea Photos,0.8815,,1,2
607,33.jpg,1,28,17,476,0.255820564,0,0,1,0,0.198634837,Viral infections,0.7383,,1,1
608,766x415_Accutane_Side_Effects1.jpg,3,39.33333333,22,882.3333333,0.330870637,0,0,3,0,0.294574285,Acne and Rosacea Photos,0.4108,,1,2
609,photo-3a80154a459320082da96f807fd7a358fb60c81c.jpg,5,17.8,23.2,424.4,0.216980593,3,0,2,0,0.127029891,Acne and Rosacea Photos,0.8729,,1,3
610,R (39).jpg,4,71.25,77.25,5669,0.264095504,1,1,1,1,0.149189392,Tinea Ringworm Candidiasis and other Fungal Infections,0.9855,,1,3
611,acne-cystic-124.jpg,5,37,22.8,898.8,0.281395148,3,1,1,0,0.270553365,,,,1,2
612,2 (5)1.jpg,3,17.66666667,13,231.3333333,0.377599213,2,1,0,0,0.312298651,Acne and Rosacea Photos,0.5474,,1,3
613,34.jpg,10,18.6,23.6,454.3,0.239658986,0,0,10,0,0.194628143,Viral infections,0.7209,,1,2
614,527434_m1 - Copy.jpg,3,32,19.66666667,833.6666667,0.204935781,0,0,2,1,0.171319627,Acne and Rosacea Photos,0.9076,,1,3
615,R (9).jpg,25,96,74.56,7563.52,0.279736252,5,5,15,0,0.26260473,,,,1,3
616,acne-open-comedo-28.jpg,1,38,24,912,0.256854145,0,0,1,0,0.237394489,Acne and Rosacea Photos,0.903,,1,1
617,rosacea-25.jpg,3,14.33333333,17.66666667,256.3333333,0.252908238,1,0,2,0,0.16082952,Acne and Rosacea Photos,0.9404,,1,2
618,large.IMG_3890.jpg.2720bb071697b81024bb71135ded7e76.jpg,5,28.6,40.2,1184,0.228711883,4,1,0,0,0.093846576,Acne and Rosacea Photos,0.8845,,1,3
619,40_19hJvhBaJyf8eJwT_.jpg,1,56,47,2632,0.151939925,1,0,0,0,0.106478541,,,,1,2
620,acne-open-comedo-3.jpg,6,34.16666667,20.16666667,711,0.119572447,2,1,3,0,0.095148651,Acne and Rosacea Photos,0.631,,1,2
622,45.jpg,4,34.75,19.5,756.25,0.155285084,0,1,2,1,0.134408459,Acne and Rosacea Photos,0.6891,,1,3
623,acne-closed-comedo-17.jpg,0,0,0,0,0,0,0,0,0,0.235208678,Acne and Rosacea Photos,0.873,,0,1
624,acne-scar-3.jpg,7,31.28571429,20.42857143,708.7142857,0.204417762,2,3,2,0,0.178396985,Acne and Rosacea Photos,0.9127,,1,2
625,perioral-dermatitis-50.jpg,0,0,0,0,0,0,0,0,0,0.230473949,Acne and Rosacea Photos,0.4916,,0,1
626,OIP (26).jpg,1,27,30,810,0.412749939,1,0,0,0,0.199601086,Acne and Rosacea Photos,0.8951,,1,2
627,parasites-living-under-the-skin-of-the-person-1.jpg,0,0,0,0,0,0,0,0,0,0.160363624,Acne and Rosacea Photos,0.9398,,0,2
628,rosacea-99.jpg,2,11.5,15.5,183.5,0.078646239,0,0,2,0,0.014069292,,,"Red Skin,Acne",1,1
630,R (26).jpg,14,18.21428571,12.57142857,238,0.413130315,7,3,3,1,0.314875344,Acne and Rosacea Photos,0.4663,,1,3
631,43.jpg,1,61,37,2257,0.266194932,1,0,0,0,0.22679029,Viral infections,0.467,,1,3
632,rosacea-114.jpg,9,20,23.44444444,476.2222222,0.315266521,3,3,3,0,0.157022902,Acne and Rosacea Photos,0.9434,,1,3
633,acne-pustular-50.jpg,7,46.14285714,31,1568.285714,0.239996909,2,2,1,2,0.188988742,,,,1,3
634,Bells-Palsy-1.jpg,5,35.2,22.8,823.2,0.23625338,0,3,2,0,0.176058866,Acne and Rosacea Photos,0.4104,,1,3
635,IMG_2145-1.jpg,6,37,22.16666667,879.1666667,0.230412541,0,3,3,0,0.127065902,Acne and Rosacea Photos,0.5032,,1,3
636,7e7bc824b57675c0ccea09d48a46f0381.jpg,1,26,18,468,0.174141109,0,1,0,0,0.146992507,,,,1,3
637,acne-cystic-57.jpg,2,37.5,21.5,805.5,0.119291833,1,0,0,1,0.139594596,,,,1,2
638,4A5DA7F500000578-5522003-Amy_who_battled_her_erupting_skin_for_15_years_says_doctors_dism-a-26_15215419581041.jpg,4,11.5,19.5,229.5,0.176402854,3,0,1,0,0.124073484,Acne and Rosacea Photos,0.9307,,1,2
641,perioral-dermatitis-102.jpg,0,0,0,0,0,0,0,0,0,0.309079297,Acne and Rosacea Photos,0.4731,,0,1
642,rosacea-17.jpg,2,23,15,370,0.172046374,1,0,1,0,0.153141911,Acne and Rosacea Photos,0.9329,,1,1
643,OIP (3).jpg,2,28.5,25,765,0.282162674,0,0,1,1,0.264660408,,,,1,1
644,acne-pustular-59.jpg,1,62,38,2356,0.152709811,0,1,0,0,0.124006418,,,,1,2
645,acne.jpg,9,34.22222222,31.55555556,1233.555556,0.21736245,5,2,1,1,0.15154675,Acne and Rosacea Photos,0.6026,,1,3
646,cystic.acne_G_694069050.jpg,4,194.75,125,24695.25,0.397706247,0,4,0,0,0.271688538,,,,1,3
647,ffb795ba-00e0-4038-84bf-98b795410e88-screen-shot-2017-12-14-at-125700-pm.jpg,2,46.5,31.5,1456,0.382380639,1,1,0,0,0.28219986,Acne and Rosacea Photos,0.7069,,1,3
648,acne-closed-comedo-38.jpg,2,23,14.5,333,0.112148693,0,0,2,0,0.120523651,,,,1,1
649,acne-open-comedo-4.jpg,7,33.14285714,22.14285714,835.4285714,0.119311204,0,0,6,1,0.11804884,,,,1,3
650,23272101.jpg,7,15.28571429,11.42857143,181,0.217226135,3,0,4,0,0.154980106,Acne and Rosacea Photos,0.9322,,1,3
651,ok-8-1024x576.jpg,0,0,0,0,0,0,0,0,0,0.125891575,Acne and Rosacea Photos,0.9011,,0,1
652,R (1).jpg,2,64,56.5,3631,0.215373058,1,0,1,0,0.162913911,,,,1,3
653,OIP (25).jpg,4,25.25,26.75,697.25,0.133527911,0,2,2,0,0.112049273,Viral infections,0.665,,1,2
654,acne-mechanica-1.jpg,9,23.44444444,25.55555556,612.7777778,0.195220189,0,0,9,0,0.201023403,,,,1,3
655,acne-open-comedo-33.jpg,1,31,14,434,0.270646968,0,0,1,0,0.266099097,Viral infections,0.6818,,1,2
656,milia-19.jpg,1,38,46,1748,0.215291425,0,0,0,1,0.207567152,Seborrheic Keratoses and other Benign Tumors,0.9007,,1,1
658,rosacea-39.jpg,3,18.66666667,23.66666667,446,0.262897847,0,1,2,0,0.190541651,Acne and Rosacea Photos,0.9029,"Red Skin,Red Skin",1,1
659,NoniSoap2.jpg,3,26.33333333,21.33333333,568,0.15812321,2,0,1,0,0.10630023,Tinea Ringworm Candidiasis and other Fungal Infections,0.9831,,1,3
660,gallery_151762_12216_497001.jpg,4,25.75,30.5,794,0.041251121,0,0,4,0,0.069169435,Acne and Rosacea Photos,0.557,,1,2
661,R (23).jpg,4,32,22.25,717.25,0.117068038,2,0,0,2,0.163701725,Viral infections,0.6512,,1,3
662,32212176-8650569-image-a-10_1598002142635.jpg,11,18,21.27272727,393.3636364,0.260782722,4,6,1,0,0.140242063,Acne and Rosacea Photos,0.9216,,1,3
663,acne-cystic-18.jpg,14,33.71428571,20.64285714,729,0.182667948,6,1,7,0,0.165265321,Acne and Rosacea Photos,0.9423,,1,3
664,4869DD4600000578-0-image-a-8_1516564527722.jpg,0,0,0,0,0,0,0,0,0,0.04130101,Acne and Rosacea Photos,0.8214,,0,1
665,acne-pustular-1.jpg,32,16.6875,22.875,410.1875,0.229609316,13,13,4,2,0.175453997,,,,1,3
667,acne-closed-comedo-34.jpg,9,33.44444444,24.22222222,854,0.184660147,4,0,4,1,0.166605008,,,,1,3
668,acne-cystic-134.jpg,4,27,23,615.75,0.244192012,0,0,4,0,0.190179379,,,,1,3
669,rosacea-29.jpg,1,20,14,280,0.088312325,0,0,1,0,0.159042133,Acne and Rosacea Photos,0.9471,,1,1
670,acne-cystic-150.jpg,8,14.25,18.375,263.25,0.275477622,3,1,4,0,0.192425146,,,,1,3
673,acne11.jpg,10,30,30.6,1114.6,0.23999283,3,2,3,2,0.198490963,Acne and Rosacea Photos,0.7806,,1,3
674,acne-open-comedo-51.jpg,19,29.42105263,17.15789474,540,0.245724148,0,2,15,2,0.22737881,Viral infections,0.6875,,1,3
675,acne-open-comedo-32.jpg,4,33.75,21.25,726,0.329922741,0,2,2,0,0.248550083,,,,1,2
677,acne-pustular-73.jpg,7,29.71428571,35.71428571,1088.428571,0.352053888,0,6,0,1,0.288015623,,,,1,3
679,acne-cystic-142.jpg,3,23.33333333,25.33333333,577,0.226515089,2,1,0,0,0.100331596,Acne and Rosacea Photos,0.4104,,1,3
680,acne-cystic-86.jpg,5,28.4,18.2,552,0.166370052,1,2,1,1,0.158281735,Acne and Rosacea Photos,0.9437,,1,3
681,acne-pustular-43.jpg,12,45,29.5,1358.333333,0.300165477,6,5,1,0,0.249836821,Acne and Rosacea Photos,0.7989,,1,3
682,acne-excoriated-2.jpg,3,24.33333333,31.33333333,974,0.169367074,2,0,1,0,0.140170005,Acne and Rosacea Photos,0.5932,,1,2
683,milia-18.jpg,4,27,20.25,625.75,0.19925183,0,1,3,0,0.195175516,,,,1,2
684,acne-excoriated-25.jpg,3,16.66666667,22.33333333,373,0.218611507,0,1,2,0,0.178378427,,,,1,3
685,2 (13)11.jpg,1,82,86,7052,0.303266491,0,0,0,1,0.266264441,Tinea Ringworm Candidiasis and other Fungal Infections,0.7734,,1,3
686,acne-cystic-39.jpg,5,32.8,20.4,680,0.155618635,1,1,3,0,0.150240182,Acne and Rosacea Photos,0.9438,,1,3
687,acne-cystic-10.jpg,26,23.73076923,15.38461538,391.0384615,0.105490113,2,3,21,0,0.080305743,Acne and Rosacea Photos,0.8636,,1,3
688,acne-cystic-126.jpg,7,56.57142857,31.28571429,1841.428571,0.337015275,2,5,0,0,0.280024721,Viral infections,0.4501,,1,3
689,acne-cystic-15.jpg,11,29,18.72727273,591.0909091,0.161374279,2,5,3,1,0.126048608,Viral infections,0.8285,,1,3
691,2327210.jpg,6,17.33333333,13.33333333,232.1666667,0.218682957,3,0,3,0,0.154914138,Acne and Rosacea Photos,0.9327,,1,3
693,38.jpg,1,24,17,408,0.307194348,0,0,1,0,0.231679524,Tinea Ringworm Candidiasis and other Fungal Infections,0.4309,,1,1
694,07SteroidPerioral11.jpg,2,36,25,906,0.26925927,0,0,2,0,0.204721697,,,,1,1
696,EWzV7k5Gy.5yjsFf8.Y5kQ_m (1).jpg,2,18,15.5,279,0.231130174,1,1,0,0,0.170647128,Acne and Rosacea Photos,0.8434,,1,3
697,hidradenitis-suppurativa-97.jpg,1,33,11,363,0.224490898,0,0,1,0,0.227719064,,,,1,2
698,OIP (9).jpg,5,35.6,23.4,889.6,0.210814984,3,0,1,1,0.195221906,Acne and Rosacea Photos,0.9237,,1,2
699,acne-cystic-151.jpg,11,23.72727273,17.90909091,435.5454545,0.230578258,6,2,3,0,0.18184427,Seborrheic Keratoses and other Benign Tumors,0.7694,,1,3
700,gallery_220146_13338_268656.jpg,7,33.28571429,26.28571429,894.5714286,0.432821135,2,3,2,0,0.236891574,Acne and Rosacea Photos,0.9289,,1,3
701,nevus-comedonicus-2.jpg,5,18.6,23.2,433.8,0.182419672,0,0,5,0,0.157899646,,,,1,2
702,maxresdefault (2).jpg,4,102.5,48.5,4981.25,0.286023682,3,1,0,0,0.183570198,,,,1,3
703,rosacea-67.jpg,2,19,10.5,204,0.061759754,0,2,0,0,0.051885815,Acne and Rosacea Photos,0.9387,,1,2
704,maxresdefault (4).jpg,2,60,40,2608,0.245955455,1,1,0,0,0.151993956,,,,1,2
706,R (33).jpg,14,54.42857143,47.35714286,2669.357143,0.370438281,10,3,1,0,0.261062232,,,,1,3
707,Acne-cyst-1-150x150.jpg,8,15.875,14.375,236,0.200857046,2,4,0,2,0.136662919,Tinea Ringworm Candidiasis and other Fungal Infections,0.5901,,1,3
709,acne-pustular-20.jpg,11,20.90909091,27.63636364,591.4545455,0.226184614,1,5,3,2,0.174760842,Viral infections,0.8843,,1,3
710,25.jpg,8,28.5,27.375,821.25,0.229272429,4,1,2,1,0.151549219,,,,1,3
711,acne-cystic-60.jpg,16,21.3125,12.875,276.625,0.14485726,3,4,9,0,0.111009368,,,,1,3
712,acne-open-comedo-5.jpg,3,45,28,1265,0.169040726,1,0,2,0,0.16362928,,,,1,1
714,4755A9F700000578-5179985-Desperate_attempts_to_rid_herself_of_the_unsightly_pimples_have_-a-55_1513271096522.jpg,6,33.16666667,29.16666667,994,0.262571203,3,1,2,0,0.19106178,Acne and Rosacea Photos,0.9438,,1,3
715,acne-cystic-112.jpg,13,13.23076923,17.76923077,240.2307692,0.301552663,4,0,9,0,0.187018901,Viral infections,0.488,,1,3
716,acne-pustular-58.jpg,8,31.75,29,972.25,0.174908366,2,3,3,0,0.159859785,,,,1,3
717,acne-infantile-15.jpg,6,21,16.5,352.6666667,0.272993713,0,1,5,0,0.176638619,Acne and Rosacea Photos,0.6545,,1,3
718,acne-excoriated-6.jpg,3,36.66666667,23.66666667,1052.666667,0.202115045,1,0,2,0,0.184732013,Warts Molluscum,0.4834,,1,2
719,acne-open-comedo-2.jpg,14,31.85714286,19.78571429,691.7857143,0.148541052,4,1,8,1,0.124895712,Acne and Rosacea Photos,0.7885,,1,2
720,maxresdefault (5).jpg,2,49,23,1142,0.204837607,0,2,0,0,0.112315828,,,,1,3
721,perioral-dermatitis-125.jpg,1,28,20,560,0.175280112,0,0,1,0,0.139743012,Acne and Rosacea Photos,0.7693,,1,1
722,07Acne081101.jpg,13,30,16.69230769,513.3846154,0.167488395,4,8,1,0,0.156081062,Acne and Rosacea Photos,0.9413,,1,2
723,2 (4).jpg,4,37.25,19.25,764,0.265038907,1,1,1,1,0.228481301,Acne and Rosacea Photos,0.5238,,1,2
724,48.jpg,5,58.2,37.4,2279.4,0.313654948,1,3,0,1,0.257662191,Viral infections,0.6999,,1,3
726,OIP (18).jpg,1,20,14,280,0.116743697,0,0,1,0,0.045200182,Acne and Rosacea Photos,0.9173,,1,2
727,acne-face_f_500x250.jpg,2,25.5,15.5,414.5,0.12970435,2,0,0,0,0.061141976,Acne and Rosacea Photos,0.8994,,1,3
728,F000315u031-003-9780323080798.jpg,18,17.22222222,7.888888889,141,0.178020988,2,15,0,1,0.157973145,Systemic Disease,0.8154,,1,3
729,fordyce-spots-7.jpg,4,26.25,15,408.75,0.092336827,0,0,4,0,0.142512249,Seborrheic Keratoses and other Benign Tumors,0.637,,1,NaN
731,acne-closed-comedo-21.jpg,2,37,23,850,0.255679489,1,1,0,0,0.198655787,Viral infections,0.7015,,1,2
732,R (35).jpg,0,0,0,0,0,0,0,0,0,0.149357158,Acne and Rosacea Photos,0.8347,,0,3
734,acne-cystic-93.jpg,11,38.45454545,32,1313.545455,0.226694828,3,7,0,1,0.171959127,,,,1,3
735,20150721042601_primary1.jpg,11,48.27272727,31,1586.454545,0.306054631,6,3,2,0,0.221152418,,,,1,3
736,R (12).jpg,3,74.33333333,66.33333333,5079,0.233218456,0,2,1,0,0.220011174,Tinea Ringworm Candidiasis and other Fungal Infections,0.9663,,1,3
737,R (41).jpg,1,59,46,2714,0.272963718,0,0,0,1,0.239307947,Acne and Rosacea Photos,0.8749,,1,2
738,ca_ss_sb22223_121380.jpg,1,39,26,1014,0.396190587,0,1,0,0,0.232409281,,,,1,3
739,59.jpg,1,39,26,1014,0.396190587,0,1,0,0,0.232409281,,,,1,3
740,rosacea-1.jpg,2,38.5,26,1046,0.170812399,1,0,1,0,0.138556469,Acne and Rosacea Photos,0.6189,,1,2
741,acne-open-comedo-50.jpg,11,39.27272727,21,818.8181818,0.301400222,2,0,8,1,0.284263715,Acne and Rosacea Photos,0.9454,,1,2
742,perioral-dermatitis-10.jpg,1,33,20,660,0.212156863,0,0,1,0,0.181199908,Acne and Rosacea Photos,0.8898,,1,1
743,acne-cystic-113.jpg,1,41,28,1148,0.227989,0,0,1,0,0.247906622,,,,1,2
744,acne-infantile-5.jpg,8,16.375,19.75,342.75,0.320627185,2,4,2,0,0.180257883,Acne and Rosacea Photos,0.938,,1,3
745,acne-cystic-137.jpg,29,12.79310345,17.10344828,226.9655172,0.191224014,5,2,21,1,0.128138861,Acne and Rosacea Photos,0.4356,,1,3
746,acne-closed-comedo-0031.jpg,11,35.18181818,21.63636364,773.4545455,0.231024074,3,0,8,0,0.184241053,,,,1,2
747,acne-cystic-129.jpg,1,26,14,364,0.181523379,0,0,1,0,0.149631478,Viral infections,0.7546,,1,2
748,0_before.jpg,1,25,30,750,0.394750327,0,0,1,0,0.31571309,,,,1,2
749,acne-open-comedo-69.jpg,16,19.625,25.25,541.625,0.13826127,0,0,15,1,0.143610448,Acne and Rosacea Photos,0.7432,,1,3
751,acne-open-comedo-31.jpg,3,29.66666667,17.66666667,622.3333333,0.1626972,1,0,2,0,0.11692436,,,,1,2
752,acne-cystic-140.jpg,1,21,13,273,0.269992099,0,0,1,0,0.22756372,Acne and Rosacea Photos,0.9131,,1,1
753,39.jpg,14,44.21428571,28.57142857,1330.071429,0.244494704,7,4,0,3,0.209248026,Viral infections,0.6033,,1,3
754,acne-cystic-43.jpg,7,25,17.57142857,450.4285714,0.159057114,2,4,1,0,0.146837226,,,,1,3
755,rosacea-nose-49.jpg,3,20.33333333,13.66666667,332.6666667,0.272012578,0,2,1,0,0.242207719,Acne and Rosacea Photos,0.9033,,1,2
756,rosacea-79.jpg,4,15.25,18.25,288,0.098786945,0,3,1,0,0.037040051,Acne and Rosacea Photos,0.8724,,1,1
757,07RosaceaOK08280631.jpg,0,0,0,0,0,0,0,0,0,0.174895987,Acne and Rosacea Photos,0.9526,,0,1
758,perioral-dermatitis-27.jpg,0,0,0,0,0,0,0,0,0,0.133151132,Acne and Rosacea Photos,0.9126,,0,1
759,rosacea-10.jpg,3,35.33333333,22.66666667,807,0.224803267,0,0,3,0,0.166184255,,,,1,2
760,hidradenitis-suppurativa-34.jpg,2,25.5,15,383.5,0.093704995,0,0,2,0,0.125308998,Actinic Keratosis Basal Cell Carcinoma and other Malignant Lesions,0.9713,,1,1
761,perioral-dermatitis-99.jpg,4,24.75,15.25,381.25,0.197010802,1,0,3,0,0.131423755,Acne and Rosacea Photos,0.933,,1,2
762,acne-closed-comedo-4.jpg,2,30.5,24.5,747,0.25022179,1,1,0,0,0.091462539,,,,1,2
764,acne-open-comedo-61.jpg,10,29.4,15.9,474.2,0.162891223,2,1,7,0,0.125391044,,,,1,2
765,1-inst-natural-acne-solutions-36374-150x150.jpg,1,20,19,380,0.306847265,1,0,0,0,0.273494989,Acne and Rosacea Photos,0.9206,,1,2
766,perioral-dermatitis-24.jpg,0,0,0,0,0,0,0,0,0,0.163230182,Acne and Rosacea Photos,0.8444,,0,1
767,rosacea-steroid-8.jpg,1,40,29,1160,0.249413455,1,0,0,0,0.211167129,,,,1,1
768,2 (12)1.jpg,14,21.42857143,13.57142857,290.2857143,0.215285606,9,4,1,0,0.183418382,Acne and Rosacea Photos,0.9393,,1,3
769,rosacea-9.jpg,0,0,0,0,0,0,0,0,0,0.127161282,Acne and Rosacea Photos,0.9345,,0,1
771,acne-closed-comedo-28.jpg,4,40,23.25,980.75,0.257759226,1,1,2,0,0.23193237,Acne and Rosacea Photos,0.8801,,1,2
772,looking-at-acne-skin-800x534.jpg,3,41.33333333,28.33333333,1185.666667,0.333930411,0,3,0,0,0.166243354,,,,1,3
773,16.jpg,3,24,20,496,0.271270895,1,2,0,0,0.233180528,Acne and Rosacea Photos,0.9478,,1,2
775,bef3f1ce4c62b5e83dd56d4e1a6c9f16.jpg,1,27,26,702,0.237081727,1,0,0,0,0.134333451,Acne and Rosacea Photos,0.9142,,1,3
776,13 (1).jpg,10,27,16.7,459.4,0.14135762,0,1,9,0,0.119425157,Acne and Rosacea Photos,0.9512,,1,3
777,female-face-acne-skin-problem-young-woman-showing-her-face-acne-moles-dry-lips-teen-girl-no-make-up-red-spots-147023688.jpg,1,31,21,651,0.208180476,0,0,1,0,0.232110069,Tinea Ringworm Candidiasis and other Fungal Infections,0.8713,,1,2
779,rosacea-76.jpg,0,0,0,0,0,0,0,0,0,0.231183095,Acne and Rosacea Photos,0.6285,,0,1
780,0_19hJvhBaJyf8eJwT_.jpg,3,46.66666667,47.66666667,2203,0.238998677,3,0,0,0,0.106476908,,,,1,2
781,perioral-dermatitis-26.jpg,0,0,0,0,0,0,0,0,0,0.114966032,Acne and Rosacea Photos,0.7632,,0,1
782,acne-open-comedo-41.jpg,1,34,41,1394,0.264103862,1,0,0,0,0.229463299,Viral infections,0.4804,,1,1
783,resize (1).jpg,1,25,16,400,0.28020098,0,0,1,0,0.215989451,,,,1,2
784,R (17).jpg,3,46,31,1554.333333,0.317550753,1,0,2,0,0.208576089,Viral infections,0.5247,,1,2
785,acne-closed-comedo-51.jpg,2,41.5,28,1162,0.243290563,0,1,1,0,0.236985959,Actinic Keratosis Basal Cell Carcinoma and other Malignant Lesions,0.652,,1,2
787,Thirteen ways to remove acne scars quickly in one day.jpg,3,55,41.66666667,2289.666667,0.32074191,2,0,1,0,0.224046322,Acne and Rosacea Photos,0.509,,1,2
788,2 (54).jpg,1,23,14,322,0.220198514,0,0,0,1,0.227745215,Eczema Photos,0.6534,,1,3
789,C0018492-Acne.jpg,3,23.66666667,28.66666667,679.3333333,0.18778078,0,1,2,0,0.115527875,Acne and Rosacea Photos,0.8999,,1,2
790,acne-excoriated-24.jpg,2,47.5,24,1192.5,0.32600086,0,2,0,0,0.264819625,,,,1,3
791,rosacea-4.jpg,2,30.5,19.5,592.5,0.215524756,0,0,2,0,0.216069864,Eczema Photos,0.5278,,1,1
792,R (24).jpg,2,41,29,1189,0.17118416,0,1,0,1,0.165668386,Acne and Rosacea Photos,0.9015,,1,2
793,18.jpg,4,25.5,17.5,479.75,0.249193001,1,0,3,0,0.22165518,Systemic Disease,0.4264,,1,3
795,gallery_59843_6647_31633.jpg,1,48,23,1104,0.304425973,0,1,0,0,0.292917451,Acne and Rosacea Photos,0.8021,,1,2
796,acne-open-comedo-68.jpg,11,31.63636364,24.63636364,805.2727273,0.203861275,1,0,10,0,0.170858417,Acne and Rosacea Photos,0.9278,,1,2
797,acne-open-comedo-15.jpg,4,36.25,22.5,823.25,0.159628907,0,0,4,0,0.100610186,,,,1,2
799,acne-pustular-34.jpg,2,26,14,366,0.196945612,1,0,1,0,0.156952597,,,,1,2
800,rosacea-88.jpg,1,40,55,2200,0.280794118,0,0,0,1,0.195523719,,,,1,3
801,hidradenitis-suppurativa-43.jpg,1,18,13,234,0.139609519,0,0,1,0,0.121824561,Tinea Ringworm Candidiasis and other Fungal Infections,0.7798,,1,3
803,IMG_0223.jpg,14,35.85714286,51.28571429,1904,0.216587329,4,4,6,0,0.182119835,Acne and Rosacea Photos,0.4545,,1,2
804,2 (1).jpg,3,51.66666667,33,1714.333333,0.197409682,3,0,0,0,0.099542205,Systemic Disease,0.6072,,1,2
805,acne-cystic-109.jpg,17,17.41176471,23.76470588,421,0.235001717,3,0,14,0,0.176958207,Acne and Rosacea Photos,0.7749,,1,3
807,What-Is-Adult-Acne.jpg,3,45,29,1355.666667,0.298995957,1,1,0,1,0.190270261,Acne and Rosacea Photos,0.5814,,1,2
808,rosacea-27.jpg,1,40,22,880,0.284371658,0,1,0,0,0.198016952,Acne and Rosacea Photos,0.5452,,1,1
809,acne-cystic-33.jpg,11,36.18181818,24.09090909,907.3636364,0.176373187,3,4,3,1,0.146166922,,,,1,3
810,acne-cystic-136.jpg,47,21.4893617,12,263.3617021,0.169722468,4,1,40,2,0.113081748,,,,1,3
811,acne-excoriated-5.jpg,3,46,29.66666667,1373.666667,0.230331601,0,0,3,0,0.170680257,Acne and Rosacea Photos,0.4992,,1,2
814,rosacea-59.jpg,5,12.6,17.8,224.4,0.13563023,0,4,1,0,0.067198166,Systemic Disease,0.6774,,1,3
816,OIP (7).jpg,7,16.28571429,11.71428571,197.7142857,0.302113512,3,3,1,0,0.200423432,Acne and Rosacea Photos,0.6933,,1,3
817,gallery_164926_12280_652062.jpg,4,35.75,28.75,1044.75,0.346047273,0,4,0,0,0.2314708,Acne and Rosacea Photos,0.9102,,1,2
818,acne-scar-5.jpg,5,31.4,19.8,645.2,0.131394161,2,0,3,0,0.125920427,,,,1,2
819,istockphoto-849986310-170667a.jpg,13,33.46153846,23.23076923,834.8461538,0.330107655,4,5,1,3,0.317691854,,,,1,3
820,acne-cystic-1.jpg,4,21,14.25,301.25,0.139760628,1,0,3,0,0.112592535,Acne and Rosacea Photos,0.8581,,1,3
821,acne-cystic-119.jpg,2,32.5,21.5,718,0.165108474,1,0,1,0,0.140890511,,,,1,3
822,acne-cystic-143.jpg,12,22.5,23.41666667,650.9166667,0.213598906,6,4,0,2,0.1172975,Acne and Rosacea Photos,0.8376,"Acne,Acne",1,3
823,acne-excoriated-14.jpg,1,59,38,2242,0.240278288,1,0,0,0,0.17631475,,,,1,2
824,4869DD4600000578-0-image-a-8_15165645277221.jpg,2,30.5,30,916.5,0.102135573,1,0,1,0,0.041309241,Acne and Rosacea Photos,0.7996,,1,1
825,R (7).jpg,20,42,25.4,1107.3,0.269152895,4,13,2,1,0.17043291,Viral infections,0.8373,,1,3
826,rosacea-74.jpg,3,17,19,414.3333333,0.138192803,1,1,1,0,0.054923343,Actinic Keratosis Basal Cell Carcinoma and other Malignant Lesions,0.8704,,1,2
827,acne-open-comedo-29.jpg,1,17,27,459,0.287214319,0,0,1,0,0.261901434,Actinic Keratosis Basal Cell Carcinoma and other Malignant Lesions,0.8527,,1,1
829,acne-pustular-3.jpg,4,28.25,17.5,500.25,0.168338493,0,0,4,0,0.128501325,Acne and Rosacea Photos,0.831,,1,2
830,acne-closed-comedo-19.jpg,0,0,0,0,0,0,0,0,0,0.253456523,Acne and Rosacea Photos,0.9221,,0,1
831,acne-open-comedo-37.jpg,3,16.33333333,25,413.6666667,0.229103461,0,3,0,0,0.247223095,Acne and Rosacea Photos,0.9173,,1,2
832,acne-vulgaris-pictures-61.jpg,7,39.57142857,22.85714286,987,0.352614615,1,5,0,1,0.278457674,,,,1,3
833,54.jpg,3,22.33333333,28.33333333,671,0.27747655,0,2,1,0,0.22317183,Acne and Rosacea Photos,0.9448,,1,3
834,acne-cystic-95.jpg,10,21.2,24.5,536.1,0.177125074,1,0,9,0,0.131423827,,,,1,3
836,07SteroidPerioral1.jpg,1,37,28,1036,0.30317965,0,0,1,0,0.204701376,,,,1,1
837,83avy6u56eh211 - Copy.jpg,7,46.28571429,60.71428571,2965,0.093013633,5,0,0,2,0.044839857,Tinea Ringworm Candidiasis and other Fungal Infections,0.6261,,1,3
838,R (27).jpg,1,20,11,220,0.324188948,1,0,0,0,0.246256244,Acne and Rosacea Photos,0.4883,,1,1
839,Petechial-rash7.jpg,3,19.33333333,15.66666667,303.3333333,0.229462787,3,0,0,0,0.191221002,Tinea Ringworm Candidiasis and other Fungal Infections,0.9209,,1,2
840,rosacea-47.jpg,7,18.57142857,23.42857143,438.5714286,0.166320308,3,2,2,0,0.129683127,Acne and Rosacea Photos,0.8942,,1,2
841,maxresdefault (1).jpg,2,49,23,1142,0.204837607,0,2,0,0,0.112315828,,,,1,3
842,acne-open-comedo-72.jpg,3,34,20.66666667,700.3333333,0.182321004,0,0,3,0,0.163908091,,,,1,2
